epoch,lr,train_loss,train_mae,train_psnr,train_ssim,train_optimizer_steps,train_skipped_optimizer_steps,train_grad_norm,train_amp_scale,val_loss,val_mae,val_psnr,val_ssim,val_foreground_mae,val_foreground_psnr,val_foreground_ssim,val_gradient_mae,val_hfen,train_rec_l1,val_rec_l1,train_rec_ms_ssim,val_rec_ms_ssim,train_rec_edge,val_rec_edge,train_rec_frequency,val_rec_frequency,train_rec_weighted_l1,val_rec_weighted_l1,train_rec_weighted_ms_ssim,val_rec_weighted_ms_ssim,train_rec_weighted_edge,val_rec_weighted_edge,train_rec_weighted_frequency,val_rec_weighted_frequency,train_rec_loss,train_rgrecl_loss,train_rgrecl_weighted_loss,train_rgrecl_hard_region_fraction,train_rgrecl_sampled_hard_fraction,train_rgrecl_positive_similarity
1,0.00010000,0.733124,0.266802,10.5023,0.178373,40,0,0.92034977,65536.0,0.315339,0.209585,11.7644,0.232026,0.212769,11.7326,0.254295,0.08889996,0.85712688,0.26680215,0.20958464,0.75413634,0.71381766,0.05666722,0.04472258,0.00598377,0.00172161,0.12006096,0.09431309,0.22624091,0.21414531,0.00850008,0.00670839,0.00059838,0.00017216,0.35540034,7.55448122,0.37772407,0.20000694,0.26526693,0.43753936
2,0.00009998,0.663116,0.233653,11.4853,0.213463,40,0,0.50540283,65536.0,0.308098,0.202391,12.0653,0.244384,0.204945,12.0243,0.268966,0.09040754,0.83772941,0.23365321,0.20239108,0.71507831,0.70049184,0.05049779,0.04454802,0.00331100,0.00191824,0.10514394,0.09107598,0.21452350,0.21014756,0.00757467,0.00668220,0.00033110,0.00019182,0.32757322,6.71084802,0.33554241,0.20000694,0.26503906,0.57038993
3,0.00009990,0.631116,0.217442,11.9300,0.223663,40,0,0.42478893,65536.0,0.302505,0.194603,12.3691,0.250761,0.197216,12.3085,0.275781,0.08950179,0.82870870,0.21744245,0.19460309,0.69951562,0.69380814,0.05009335,0.04383680,0.00315282,0.00215296,0.09784910,0.08757139,0.20985470,0.20814245,0.00751400,0.00657552,0.00031528,0.00021530,0.31553308,6.31166043,0.31558303,0.20000694,0.26308594,0.62634171
4,0.00009978,0.615309,0.211336,12.2027,0.231810,40,0,0.42932343,65536.0,0.298623,0.188833,12.5683,0.255185,0.191172,12.5266,0.280301,0.09045473,0.82912919,0.21133575,0.18883328,0.69494950,0.68947278,0.04735903,0.04390433,0.00307995,0.00221011,0.09510108,0.08497497,0.20848486,0.20684184,0.00710385,0.00658565,0.00030800,0.00022101,0.31099779,6.08621864,0.30431094,0.20000694,0.26051432,0.66111334
5,0.00009961,0.616527,0.218959,11.9006,0.208313,40,0,0.41408732,65536.0,0.295766,0.185827,12.6560,0.258500,0.189532,12.5608,0.283461,0.08955760,0.82646254,0.21895856,0.18582746,0.72009312,0.68455840,0.04790018,0.04348655,0.00276615,0.00253290,0.09853135,0.08362235,0.21602794,0.20536753,0.00718503,0.00652298,0.00027661,0.00025329,0.32202093,5.89011250,0.29450563,0.20000694,0.25940755,0.68477677
6,0.00009939,0.598363,0.205936,12.3368,0.225738,40,0,0.42538648,65536.0,0.290877,0.182202,12.7020,0.268729,0.187160,12.5920,0.293161,0.08944960,0.82889388,0.20593555,0.18220225,0.69946083,0.67365567,0.04731195,0.04353121,0.00348088,0.00259903,0.09267099,0.08199101,0.20983826,0.20209671,0.00709679,0.00652968,0.00034809,0.00025990,0.30995413,5.76817209,0.28840861,0.20000694,0.25742188,0.69555435
7,0.00009912,0.585538,0.194520,12.5805,0.238243,40,0,0.40380261,65536.0,0.287703,0.175835,13.0210,0.266414,0.179341,12.9450,0.290900,0.09001459,0.83347528,0.19452007,0.17583548,0.68478982,0.67257851,0.04687979,0.04390545,0.00411632,0.00217335,0.08753403,0.07912596,0.20543695,0.20177356,0.00703197,0.00658582,0.00041163,0.00021734,0.30041458,5.70246640,0.28512333,0.20000694,0.25813802,0.70000298
8,0.00009881,0.580023,0.190254,12.8367,0.237119,40,0,0.42415025,65536.0,0.284519,0.174475,12.9979,0.275270,0.179210,12.8901,0.299939,0.08846811,0.83015344,0.19025380,0.17447511,0.68327385,0.66416553,0.04690539,0.04325836,0.00360899,0.00266515,0.08561421,0.07851380,0.20498216,0.19924967,0.00703581,0.00648875,0.00036090,0.00026651,0.29799308,5.64060278,0.28203014,0.20000694,0.25768229,0.71020168
9,0.00009844,0.584455,0.194695,12.6459,0.244814,40,0,0.41501377,65536.0,0.283869,0.168541,13.3201,0.270874,0.171907,13.2419,0.295785,0.09045578,0.82473103,0.19469484,0.16854107,0.67907816,0.67071976,0.04610770,0.04374207,0.00416323,0.00248702,0.08761267,0.07584348,0.20372346,0.20121593,0.00691616,0.00656131,0.00041632,0.00024870,0.29866861,5.71572201,0.28578610,0.20000694,0.25628255,0.70267027
10,0.00009803,0.577619,0.194901,12.7224,0.237368,40,0,0.50154260,65536.0,0.281181,0.169222,13.1338,0.281440,0.174152,13.0235,0.305564,0.08874992,0.83406015,0.19490134,0.16922210,0.68412258,0.66086004,0.04603316,0.04351543,0.00452996,0.00245296,0.08770560,0.07614994,0.20523679,0.19825802,0.00690497,0.00652732,0.00045300,0.00024530,0.30030035,5.54638095,0.27731905,0.20000694,0.25569661,0.72098103
11,0.00009758,0.566181,0.183393,12.9978,0.244479,40,0,0.39510321,65536.0,0.272576,0.163711,13.3412,0.296409,0.169670,13.2273,0.318567,0.08786782,0.82540324,0.18339302,0.16371069,0.67256482,0.64070141,0.04611384,0.04308530,0.00385978,0.00233052,0.08252686,0.07366981,0.20176945,0.19221043,0.00691708,0.00646280,0.00038598,0.00023305,0.29159937,5.49162704,0.27458136,0.20000694,0.25784505,0.72482004
12,0.00009707,0.569923,0.184635,13.0280,0.249882,40,0,0.50933473,65536.0,0.277588,0.163927,13.4266,0.282941,0.168001,13.3078,0.308301,0.08760884,0.83003554,0.18463472,0.16392698,0.67059100,0.65690585,0.04556816,0.04296708,0.00417730,0.00303767,0.08308562,0.07376714,0.20117731,0.19707176,0.00683522,0.00644506,0.00041773,0.00030377,0.29151588,5.56814055,0.27840703,0.20000694,0.24843750,0.72124973
13,0.00009652,0.558493,0.180361,13.1419,0.244407,40,0,0.43573494,65536.0,0.269920,0.160382,13.4253,0.297897,0.165161,13.3849,0.321689,0.08608922,0.82882662,0.18036054,0.16038242,0.67339399,0.63683645,0.04559393,0.04251891,0.00373657,0.00319136,0.08116224,0.07217209,0.20201820,0.19105094,0.00683909,0.00637784,0.00037366,0.00031914,0.29039319,5.36200578,0.26810029,0.20000694,0.25074870,0.74065498
14,0.00009593,0.566034,0.189603,12.9408,0.240352,40,0,0.52980612,65536.0,0.271991,0.160641,13.4386,0.298740,0.167553,13.2732,0.319028,0.08692681,0.83135175,0.18960288,0.16064131,0.68056388,0.64325561,0.04507948,0.04279621,0.00425382,0.00305942,0.08532130,0.07228859,0.20416917,0.19297669,0.00676192,0.00641943,0.00042538,0.00030594,0.29667777,5.38712516,0.26935626,0.20000694,0.25507813,0.73245588
15,0.00009529,0.550861,0.180818,13.3044,0.241200,40,0,0.48784188,65536.0,0.267837,0.157188,13.5476,0.303071,0.163094,13.4152,0.326727,0.08589957,0.84010239,0.18081813,0.15718826,0.67565219,0.63474885,0.04505093,0.04243234,0.00395808,0.00312283,0.08136816,0.07073471,0.20269567,0.19042466,0.00675764,0.00636485,0.00039581,0.00031228,0.29121727,5.19287982,0.25964399,0.20000694,0.25556641,0.74703624
16,0.00009460,0.546154,0.174236,13.3763,0.262845,40,0,0.56868210,65536.0,0.264066,0.155423,13.5604,0.317253,0.162656,13.4397,0.334434,0.08771606,0.82017288,0.17423614,0.15542318,0.65609073,0.62464635,0.04390943,0.04278971,0.00382541,0.00313082,0.07840626,0.06994043,0.19682723,0.18739391,0.00658641,0.00641846,0.00038254,0.00031308,0.28220244,5.27902358,0.26395118,0.20000694,0.25563151,0.73146681
17,0.00009388,0.532615,0.162299,13.7702,0.277026,40,0,0.52638909,65536.0,0.260375,0.153915,13.5727,0.323615,0.161302,13.4582,0.340538,0.08641736,0.82731047,0.16229940,0.15391522,0.63501179,0.61475083,0.04485367,0.04250466,0.00452762,0.00311907,0.07303473,0.06926185,0.19050355,0.18442526,0.00672805,0.00637570,0.00045276,0.00031191,0.27071909,5.23792005,0.26189601,0.20000694,0.25130208,0.72547993
18,0.00009311,0.544001,0.169440,13.3984,0.270909,40,0,0.57770679,65536.0,0.258633,0.152195,13.7651,0.324519,0.159914,13.6032,0.341661,0.08479590,0.82593092,0.16944023,0.15219526,0.64266647,0.61175245,0.04477529,0.04213090,0.00522749,0.00299989,0.07624810,0.06848787,0.19279995,0.18352574,0.00671629,0.00631964,0.00052275,0.00029999,0.27628709,5.35428756,0.26771438,0.20000694,0.25374349,0.71847225
19,0.00009229,0.538123,0.167660,13.6082,0.267617,40,0,0.52766319,65536.0,0.249269,0.150339,13.7855,0.346755,0.158504,13.6463,0.360349,0.08418203,0.81362840,0.16765991,0.15033885,0.64673714,0.58349279,0.04354587,0.04161794,0.00457721,0.00326159,0.07544696,0.06765248,0.19402115,0.17504784,0.00653188,0.00624269,0.00045772,0.00032616,0.27645771,5.23330370,0.26166519,0.20000694,0.25358073,0.73286081
20,0.00009144,0.538748,0.166450,13.7334,0.262753,40,0,0.60100354,65536.0,0.263236,0.152671,13.6387,0.318384,0.160599,13.4442,0.332557,0.08552118,0.83944129,0.16645033,0.15267147,0.65360727,0.62594991,0.04367594,0.04235854,0.00379497,0.00394995,0.07490265,0.06870216,0.19608219,0.18778498,0.00655139,0.00635378,0.00037950,0.00039499,0.27791573,5.21665090,0.26083255,0.20000694,0.25397135,0.73296413
21,0.00009055,0.533567,0.162822,13.9049,0.275428,40,0,0.51903283,65536.0,0.242071,0.145539,13.8991,0.362223,0.153707,13.8046,0.372358,0.08481489,0.81206424,0.16282190,0.14553875,0.63853719,0.56657629,0.04266904,0.04180267,0.00423182,0.00335104,0.07326985,0.06549243,0.19156117,0.16997290,0.00640036,0.00627040,0.00042318,0.00033510,0.27165455,5.23825533,0.26191277,0.20000694,0.25094401,0.73009425
22,0.00008961,0.526994,0.162428,13.7761,0.285898,40,0,0.60037545,65536.0,0.253178,0.155905,13.4375,0.352639,0.166235,13.2606,0.352010,0.08489086,0.82156092,0.16242830,0.15590517,0.62693129,0.58793703,0.04320300,0.04177412,0.00468265,0.00372974,0.07309273,0.07015732,0.18807939,0.17638112,0.00648045,0.00626612,0.00046826,0.00037297,0.26812084,5.17745324,0.25887267,0.20000694,0.24918620,0.73572177
23,0.00008864,0.529693,0.165600,13.7783,0.262222,40,0,0.48837585,65536.0,0.235465,0.143658,14.0729,0.377411,0.152227,13.9537,0.383391,0.08309978,0.80505508,0.16560025,0.14365809,0.65211536,0.54756162,0.04321516,0.04144977,0.00362083,0.00332489,0.07452011,0.06464614,0.19563462,0.16426849,0.00648227,0.00621747,0.00036208,0.00033249,0.27699908,5.05388463,0.25269424,0.20000694,0.24485677,0.74362680
24,0.00008763,0.505094,0.146727,14.3054,0.318183,40,0,0.62809035,65536.0,0.233618,0.140184,14.2393,0.378104,0.147890,14.1425,0.386749,0.08256866,0.80420635,0.14672745,0.14018429,0.58721488,0.54648799,0.04340232,0.04143758,0.00513563,0.00373357,0.06602735,0.06308293,0.17616447,0.16394641,0.00651035,0.00621564,0.00051356,0.00037336,0.24921573,5.11756117,0.25587806,0.20000694,0.24850260,0.72885552
25,0.00008658,0.514364,0.158620,13.9581,0.291588,40,0,0.55545637,65536.0,0.236005,0.147717,13.7930,0.386908,0.156975,13.6971,0.381233,0.08309945,0.80133459,0.15862034,0.14771697,0.61806709,0.54341531,0.04298379,0.04121516,0.00448917,0.00325932,0.07137915,0.06647263,0.18542013,0.16302460,0.00644757,0.00618227,0.00044892,0.00032593,0.26369577,5.01335937,0.25066797,0.20000694,0.25078125,0.73999539
26,0.00008550,0.502567,0.148060,14.2511,0.323377,40,0,0.67219337,65536.0,0.235331,0.144405,14.0088,0.384856,0.153909,13.8781,0.380683,0.08374015,0.79952898,0.14805989,0.14440464,0.58078833,0.54606497,0.04322288,0.04128884,0.00564302,0.00335868,0.06662695,0.06498208,0.17423651,0.16381950,0.00648343,0.00619333,0.00056430,0.00033587,0.24791119,5.09312218,0.25465611,0.20000694,0.24931641,0.72459499
27,0.00008439,0.501154,0.151930,14.1174,0.327704,40,0,0.58235611,65536.0,0.228569,0.142086,14.1324,0.399563,0.151400,14.0102,0.394164,0.08152227,0.79443917,0.15192976,0.14208567,0.58149629,0.52725020,0.04250730,0.04070121,0.00543044,0.00350220,0.06836839,0.06393855,0.17444889,0.15817507,0.00637610,0.00610518,0.00054304,0.00035022,0.24973642,5.02836148,0.25141808,0.20000694,0.24951172,0.73011941
28,0.00008323,0.496362,0.148767,14.2114,0.329262,40,0,0.60725865,65536.0,0.227880,0.141349,14.1387,0.400545,0.150564,14.0151,0.395405,0.08194458,0.79551259,0.14876691,0.14134896,0.57823305,0.52588221,0.04140402,0.04091020,0.00510582,0.00371598,0.06694511,0.06360703,0.17346992,0.15776467,0.00621060,0.00613653,0.00051058,0.00037160,0.24713622,4.98452237,0.24922612,0.20000694,0.25149740,0.73270857
29,0.00008205,0.499095,0.148572,14.4011,0.308322,40,0,0.54148383,65536.0,0.220762,0.136671,14.3767,0.412141,0.145443,14.2626,0.411775,0.07931274,0.79405813,0.14857157,0.13667132,0.60022046,0.50932640,0.04275634,0.04027554,0.00539634,0.00421137,0.06685720,0.06150209,0.18006615,0.15279793,0.00641345,0.00604133,0.00053963,0.00042114,0.25387644,4.90437260,0.24521864,0.20000694,0.25159505,0.73991108
30,0.00008084,0.494671,0.149392,14.4907,0.328940,40,0,0.66233098,65536.0,0.222176,0.138852,14.2133,0.413108,0.148258,14.0869,0.403961,0.08039542,0.79282612,0.14939216,0.13885187,0.57737601,0.51076769,0.04130406,0.04053639,0.00397753,0.00382249,0.06722647,0.06248334,0.17321281,0.15323031,0.00619561,0.00608046,0.00039775,0.00038225,0.24703264,4.95276676,0.24763834,0.20000694,0.24765625,0.72860742
31,0.00007960,0.491886,0.145142,14.2945,0.332076,40,0,0.63824525,65536.0,0.221836,0.136716,14.3734,0.410082,0.145798,14.2476,0.404258,0.08032025,0.78685610,0.14514157,0.13671594,0.57339880,0.51278096,0.04180569,0.04033830,0.00525420,0.00428342,0.06531370,0.06152217,0.17201965,0.15383429,0.00627085,0.00605075,0.00052542,0.00042834,0.24412962,4.95512146,0.24775608,0.20000694,0.25068359,0.72665020
32,0.00007832,0.524277,0.162147,14.0042,0.270333,40,0,0.75310263,65536.0,0.220121,0.135972,14.3801,0.414643,0.145051,14.2663,0.404505,0.08102201,0.79225124,0.16214675,0.13597244,0.64594511,0.50810143,0.04225499,0.04069269,0.00422262,0.00398771,0.07296604,0.06118760,0.19378354,0.15243043,0.00633825,0.00610390,0.00042226,0.00039877,0.27351009,5.01532941,0.25076647,0.20000694,0.25061849,0.72680667
33,0.00007702,0.501363,0.149320,14.2612,0.296583,40,0,0.53825817,65536.0,0.220350,0.136505,14.1937,0.414822,0.145379,14.1321,0.405504,0.07976569,0.78566583,0.14932031,0.13650518,0.61054274,0.50762451,0.04307538,0.04024536,0.00428276,0.00598670,0.06719414,0.06142733,0.18316283,0.15228736,0.00646131,0.00603680,0.00042828,0.00059867,0.25724655,4.88232031,0.24411602,0.20000694,0.24840495,0.73549804
34,0.00007570,0.485203,0.139191,14.6732,0.330697,40,0,0.61308949,65536.0,0.218632,0.134450,14.4494,0.417008,0.143603,14.3239,0.405522,0.08118240,0.78841645,0.13919132,0.13445023,0.57356116,0.50545339,0.04213402,0.04059469,0.00464912,0.00403765,0.06263609,0.06050260,0.17206836,0.15163602,0.00632010,0.00608920,0.00046491,0.00040376,0.24148946,4.87426755,0.24371338,0.20000694,0.25156250,0.73214502
35,0.00007435,0.489017,0.146283,14.4300,0.332509,40,0,0.55679848,65536.0,0.217679,0.137083,14.2191,0.424215,0.146445,14.1235,0.410989,0.07889375,0.78776459,0.14628301,0.13708312,0.57519724,0.49825619,0.04211124,0.03998413,0.00471871,0.00517020,0.06582735,0.06168740,0.17255918,0.14947686,0.00631669,0.00599762,0.00047187,0.00051702,0.24517509,4.87684188,0.24384210,0.20000694,0.24824219,0.73293819
36,0.00007297,0.492410,0.145443,14.3957,0.320919,40,0,0.59145165,65536.0,0.213254,0.133587,14.4919,0.432134,0.143233,14.3384,0.420108,0.07884529,0.78853279,0.14544269,0.13358690,0.58685987,0.48894209,0.04201312,0.03996461,0.00455048,0.00462755,0.06544921,0.06011410,0.17605797,0.14668263,0.00630197,0.00599469,0.00045505,0.00046275,0.24826420,4.88290828,0.24414542,0.20000694,0.24977214,0.72907425
37,0.00007158,0.482537,0.140417,14.6384,0.341371,40,0,0.63362756,65536.0,0.211418,0.131996,14.5159,0.435226,0.140976,14.4032,0.425713,0.07773162,0.78957526,0.14041729,0.13199604,0.56452210,0.48494095,0.04169114,0.03995330,0.00437950,0.00544881,0.06318778,0.05939822,0.16935663,0.14548229,0.00625367,0.00599299,0.00043795,0.00054488,0.23923604,4.86602101,0.24330105,0.20000694,0.24791667,0.73009976
38,0.00007016,0.482666,0.140325,14.6663,0.335966,40,0,0.60855213,65536.0,0.212232,0.132995,14.5688,0.433539,0.142094,14.4571,0.419342,0.07757872,0.78407045,0.14032542,0.13299524,0.57292283,0.48628528,0.04101573,0.03975254,0.00482575,0.00535787,0.06314644,0.05984786,0.17187686,0.14588559,0.00615236,0.00596288,0.00048258,0.00053579,0.24165823,4.82015339,0.24100767,0.20000694,0.24853516,0.73493893
39,0.00006872,0.480327,0.138281,14.9336,0.337589,40,0,0.57871911,65536.0,0.211676,0.131468,14.6149,0.432626,0.140551,14.4859,0.418859,0.07819731,0.78580316,0.13828132,0.13146794,0.56984336,0.48661350,0.04087576,0.03996516,0.00336821,0.00536745,0.06222659,0.05916057,0.17095302,0.14598406,0.00613136,0.00599477,0.00033682,0.00053674,0.23964780,4.81357672,0.24067884,0.20000694,0.24218750,0.73612533
40,0.00006727,0.485339,0.139214,14.6308,0.333824,40,0,0.73438753,65536.0,0.208644,0.129229,14.6949,0.439812,0.138222,14.5554,0.427059,0.07797343,0.78991888,0.13921450,0.12922921,0.57319097,0.47999638,0.04192731,0.03995968,0.00467547,0.00498002,0.06264652,0.05815314,0.17195730,0.14399892,0.00628910,0.00599395,0.00046755,0.00049800,0.24136046,4.87956747,0.24397838,0.20000694,0.25052083,0.72622334
41,0.00006580,0.484619,0.136523,14.8796,0.337458,40,0,0.56727151,65536.0,0.218639,0.135826,14.4352,0.422765,0.146185,14.2186,0.404040,0.08010028,0.80515640,0.13652303,0.13582593,0.57073619,0.50323934,0.04119634,0.04016044,0.00432687,0.00521752,0.06143536,0.06112167,0.17122086,0.15097181,0.00617945,0.00602407,0.00043269,0.00052175,0.23926837,4.90700722,0.24535036,0.20000694,0.24671224,0.72050012
42,0.00006431,0.462435,0.130540,15.0700,0.366610,40,0,0.57476972,65536.0,0.208871,0.130891,14.5241,0.443149,0.140296,14.3838,0.427387,0.07754650,0.79202411,0.13053983,0.13089093,0.53272744,0.47785091,0.04088575,0.03979918,0.00417296,0.00644855,0.05874292,0.05890092,0.15981824,0.14335528,0.00613286,0.00596988,0.00041730,0.00064485,0.22511132,4.74647186,0.23732360,0.20000694,0.24651693,0.74077670
43,0.00006281,0.495313,0.144789,14.3005,0.320335,40,0,0.57597651,65536.0,0.206467,0.128748,14.7467,0.446353,0.138451,14.5526,0.431220,0.07630668,0.79323265,0.14478901,0.12874839,0.59193245,0.47356230,0.04127829,0.03932650,0.00470476,0.00562908,0.06515505,0.05793678,0.17757974,0.14206869,0.00619174,0.00589898,0.00047048,0.00056291,0.24939702,4.91831746,0.24591588,0.20000694,0.25621745,0.72171808
44,0.00006130,0.475415,0.136360,15.0359,0.333313,40,0,0.55374283,65536.0,0.208992,0.131040,14.6551,0.441218,0.141108,14.4711,0.419378,0.07769710,0.79089343,0.13636015,0.13104043,0.57289532,0.47870436,0.04035343,0.03953078,0.00354163,0.00483238,0.06136207,0.05896819,0.17186860,0.14361131,0.00605302,0.00592962,0.00035416,0.00048324,0.23963785,4.71553489,0.23577675,0.20000694,0.24853516,0.73491773
45,0.00005978,0.461477,0.133927,14.8609,0.390051,40,0,0.67486888,65536.0,0.206283,0.128506,14.7930,0.446069,0.138242,14.6257,0.425509,0.07738246,0.77962440,0.13392729,0.12850559,0.51252437,0.47333344,0.04127462,0.03952015,0.00529656,0.00527574,0.06026728,0.05782752,0.15375732,0.14200004,0.00619119,0.00592802,0.00052966,0.00052757,0.22074544,4.81464097,0.24073205,0.20000694,0.25257161,0.72130240
46,0.00005824,0.454479,0.123981,15.4336,0.372972,40,0,0.62057336,65536.0,0.206208,0.126814,14.8605,0.445145,0.136922,14.6231,0.424703,0.07724919,0.78830412,0.12398104,0.12681411,0.52985164,0.47567634,0.03980778,0.03939528,0.00428140,0.00529598,0.05579147,0.05706635,0.15895550,0.14270290,0.00597117,0.00590929,0.00042814,0.00052960,0.22114627,4.66665939,0.23333297,0.20000694,0.24475911,0.73807599
47,0.00005670,0.468316,0.131861,15.0096,0.346547,40,0,0.56809085,65536.0,0.202883,0.125231,14.9690,0.450927,0.135133,14.7671,0.429841,0.07699936,0.77759893,0.13186063,0.12523101,0.55910982,0.46693907,0.04142002,0.03938415,0.00480323,0.00539981,0.05933728,0.05635395,0.16773295,0.14008172,0.00621300,0.00590762,0.00048032,0.00053998,0.23376356,4.69104855,0.23455243,0.20000694,0.24755859,0.73432028
48,0.00005516,0.470825,0.132089,14.9460,0.351916,40,0,0.57681250,65536.0,0.204242,0.126326,14.9595,0.447863,0.135913,14.7606,0.427170,0.07758047,0.77725559,0.13208929,0.12632557,0.55233776,0.46992569,0.04079672,0.03956251,0.00471093,0.00483777,0.05944018,0.05684651,0.16570133,0.14097771,0.00611951,0.00593438,0.00047109,0.00048378,0.23173211,4.78186198,0.23909310,0.20000694,0.24742839,0.71985350
49,0.00005361,0.446632,0.123948,15.5523,0.396459,40,0,0.62795794,65536.0,0.204152,0.128758,14.7624,0.451476,0.138336,14.6026,0.428534,0.07714737,0.78005365,0.12394818,0.12875838,0.50311365,0.46609533,0.04035068,0.03962379,0.00479829,0.00438398,0.05577668,0.05794127,0.15093410,0.13982860,0.00605260,0.00594357,0.00047983,0.00043840,0.21324322,4.66776847,0.23338843,0.20000694,0.24596354,0.72825836
50,0.00005205,0.459064,0.125470,15.2883,0.356723,40,0,0.56384858,131072.0,0.200676,0.123938,14.9969,0.457100,0.133835,14.7527,0.441433,0.07594198,0.78607696,0.12546990,0.12393809,0.54757217,0.46146140,0.04048653,0.03919450,0.00404070,0.00586171,0.05646145,0.05577214,0.16427166,0.13843842,0.00607298,0.00587918,0.00040407,0.00058617,0.22721016,4.63708265,0.23185414,0.20000694,0.24833984,0.73572569
51,0.00005050,0.457967,0.125989,15.2913,0.370453,40,0,0.58647927,131072.0,0.200578,0.125025,15.0043,0.457486,0.135118,14.7681,0.435473,0.07637854,0.78934082,0.12598910,0.12502461,0.53354974,0.45976270,0.04066033,0.03922314,0.00439469,0.00505077,0.05669509,0.05626107,0.16006493,0.13792882,0.00609905,0.00588347,0.00043947,0.00050508,0.22329854,4.69335984,0.23466799,0.20000694,0.24290365,0.72579684
52,0.00004895,0.452243,0.128241,15.1985,0.381788,40,0,0.62544964,131072.0,0.200967,0.124844,15.0314,0.456631,0.135283,14.7509,0.435683,0.07723717,0.78321476,0.12824073,0.12484434,0.52055382,0.46118408,0.04032792,0.03931945,0.00419863,0.00534399,0.05770833,0.05617995,0.15616615,0.13835523,0.00604919,0.00589792,0.00041986,0.00053440,0.22034353,4.63798870,0.23189944,0.20000694,0.24407552,0.72948433
53,0.00004739,0.445783,0.127955,15.2163,0.398838,40,0,0.57340236,131072.0,0.199256,0.123131,15.0927,0.458555,0.134408,14.7401,0.437686,0.07634505,0.79627382,0.12795547,0.12313061,0.49924346,0.45808481,0.04055694,0.03907589,0.00432108,0.00560192,0.05757996,0.05540877,0.14977304,0.13742545,0.00608354,0.00586138,0.00043211,0.00056019,0.21386865,4.63828149,0.23191408,0.20000694,0.24573568,0.72536616
54,0.00004584,0.471773,0.129381,15.1569,0.340714,40,0,0.64108750,131072.0,0.201279,0.124457,15.0696,0.454088,0.136174,14.6801,0.429926,0.07703792,0.79668710,0.12938051,0.12445679,0.56867124,0.46284100,0.03993653,0.03919907,0.00403799,0.00541449,0.05822123,0.05600555,0.17060138,0.13885230,0.00599048,0.00587986,0.00040380,0.00054145,0.23521688,4.73112123,0.23655606,0.20000694,0.24684245,0.72558055
55,0.00004430,0.444500,0.125434,15.2985,0.398910,40,0,0.63054764,131072.0,0.197333,0.122435,15.1595,0.461983,0.133455,14.8287,0.440603,0.07588383,0.78822881,0.12543386,0.12243486,0.50446367,0.45269570,0.03985283,0.03917952,0.00461880,0.00551271,0.05644524,0.05509568,0.15133911,0.13580872,0.00597793,0.00587693,0.00046188,0.00055127,0.21422415,4.60552632,0.23027632,0.20000694,0.24277344,0.73081216
56,0.00004276,0.459842,0.130960,15.1723,0.371057,40,0,0.65128582,131072.0,0.200084,0.125908,14.9188,0.460124,0.136994,14.6241,0.435037,0.07667266,0.79001431,0.13096025,0.12590813,0.53357360,0.45667695,0.04000151,0.03928297,0.00380456,0.00529514,0.05893211,0.05665866,0.16007209,0.13700309,0.00600023,0.00589245,0.00038046,0.00052951,0.22538488,4.68914465,0.23445724,0.20000694,0.24599609,0.71755183
57,0.00004122,0.452368,0.122341,15.3927,0.365213,40,0,0.58459059,131072.0,0.200135,0.125073,14.8756,0.459117,0.134843,14.7070,0.435268,0.07640058,0.78026824,0.12234109,0.12507253,0.53819413,0.45789397,0.04026372,0.03925807,0.00431226,0.00595669,0.05505349,0.05628264,0.16145824,0.13736819,0.00603956,0.00588871,0.00043123,0.00059567,0.22298252,4.58771237,0.22938562,0.20000694,0.24707031,0.73418308
58,0.00003970,0.456995,0.124182,15.4237,0.359474,40,0,0.66244704,131072.0,0.197808,0.122910,15.0660,0.462143,0.133256,14.8109,0.438450,0.07654428,0.78061488,0.12418206,0.12290976,0.54252736,0.45336726,0.04099603,0.03933287,0.00349519,0.00588143,0.05588193,0.05530939,0.16275822,0.13601019,0.00614940,0.00589993,0.00034952,0.00058814,0.22513907,4.63712130,0.23185607,0.20000694,0.25045573,0.72647602
59,0.00003819,0.458217,0.128084,15.2321,0.365861,40,0,0.64236876,131072.0,0.197629,0.124255,14.9715,0.464917,0.134205,14.7843,0.440640,0.07570534,0.77704256,0.12808435,0.12425481,0.53990742,0.45079978,0.04034539,0.03918487,0.00501215,0.00596649,0.05763796,0.05591466,0.16197223,0.13523994,0.00605181,0.00587773,0.00050122,0.00059665,0.22616322,4.64107255,0.23205363,0.20000694,0.24235026,0.72274942
60,0.00003669,0.455177,0.128045,15.4613,0.363862,40,0,0.71344350,131072.0,0.197256,0.123035,15.0612,0.464256,0.133112,14.8438,0.439276,0.07594690,0.77702108,0.12804531,0.12303461,0.53975276,0.45160290,0.03965151,0.03922279,0.00328650,0.00525990,0.05762039,0.05536557,0.16192584,0.13548087,0.00594773,0.00588342,0.00032865,0.00052599,0.22582260,4.58708755,0.22935438,0.20000694,0.24111328,0.72563212
61,0.00003520,0.447755,0.122602,15.3002,0.380111,40,0,0.58017520,131072.0,0.195981,0.120903,15.2259,0.464523,0.132325,14.8567,0.438402,0.07643390,0.78666557,0.12260160,0.12090325,0.52435323,0.45067319,0.04002048,0.03906553,0.00394862,0.00512291,0.05517072,0.05440646,0.15730598,0.13520196,0.00600307,0.00585983,0.00039486,0.00051229,0.21887463,4.57760221,0.22888011,0.20000694,0.24687500,0.72971887
62,0.00003373,0.446608,0.118706,15.6249,0.376318,40,0,0.65283380,131072.0,0.197713,0.122225,15.1531,0.461806,0.133635,14.8005,0.434708,0.07668674,0.78970814,0.11870642,0.12222491,0.52660130,0.45442684,0.04008965,0.03906907,0.00365786,0.00523743,0.05341789,0.05500121,0.15798040,0.13632806,0.00601345,0.00586036,0.00036579,0.00052374,0.21777752,4.57660800,0.22883040,0.20000694,0.24290365,0.72504802
63,0.00003228,0.428269,0.119333,15.5129,0.428498,40,0,0.64980167,131072.0,0.193964,0.120511,15.2604,0.469933,0.131913,14.9201,0.443362,0.07570597,0.77719168,0.11933267,0.12051140,0.46804731,0.44468711,0.04031020,0.03883120,0.00532992,0.00503131,0.05369970,0.05423013,0.14041420,0.13340614,0.00604653,0.00582468,0.00053299,0.00050313,0.20069342,4.55150859,0.22757543,0.20000694,0.24964193,0.72139010
64,0.00003084,0.461954,0.130127,15.3027,0.353016,40,0,0.59369054,131072.0,0.196102,0.120999,15.2244,0.464057,0.131981,14.8830,0.441816,0.07609473,0.78485516,0.13012725,0.12099870,0.55561555,0.45046976,0.03987273,0.03935127,0.00289431,0.00608903,0.05855726,0.05444941,0.16668467,0.13514093,0.00598091,0.00590269,0.00028943,0.00060890,0.23151227,4.60883756,0.23044188,0.20000694,0.24134115,0.72856867
65,0.00002942,0.457203,0.127737,15.2291,0.367390,40,0,0.65258343,131072.0,0.195876,0.121627,15.1206,0.464615,0.132638,14.8111,0.438914,0.07692418,0.78016791,0.12773656,0.12162724,0.53752374,0.44888040,0.04034769,0.03935164,0.00428045,0.00576962,0.05748145,0.05473226,0.16125713,0.13466412,0.00605215,0.00590275,0.00042804,0.00057696,0.22521878,4.63968152,0.23198408,0.20000694,0.24869792,0.71813606
66,0.00002803,0.437907,0.118132,15.8475,0.389451,40,0,0.58850375,131072.0,0.194757,0.120421,15.2917,0.467110,0.131406,14.9656,0.441224,0.07598452,0.78130153,0.11813200,0.12042143,0.51519024,0.44735922,0.03886146,0.03902830,0.00370719,0.00504951,0.05315940,0.05418964,0.15455708,0.13420777,0.00582922,0.00585425,0.00037072,0.00050495,0.21391642,4.47980289,0.22399015,0.20000694,0.24052734,0.73337061
67,0.00002665,0.429625,0.119243,15.6828,0.422105,40,0,0.64576974,131072.0,0.192458,0.119078,15.3358,0.471786,0.130126,14.9924,0.446576,0.07568235,0.78566737,0.11924261,0.11907754,0.47926570,0.44169746,0.03982242,0.03898221,0.00458694,0.00516443,0.05365917,0.05358489,0.14377972,0.13250925,0.00597336,0.00584733,0.00045869,0.00051644,0.20387094,4.51507442,0.22575373,0.20000694,0.24726562,0.72483940
68,0.00002530,0.443912,0.125607,15.4139,0.384238,40,0,0.57735124,131072.0,0.194030,0.120699,15.1898,0.469905,0.131811,14.8650,0.443881,0.07555937,0.78979364,0.12560659,0.12069920,0.52069893,0.44441497,0.03966102,0.03888715,0.00366814,0.00558120,0.05652296,0.05431464,0.15620969,0.13332450,0.00594915,0.00583307,0.00036681,0.00055812,0.21904862,4.49726151,0.22486308,0.20000694,0.24537760,0.72923126
69,0.00002398,0.452207,0.128829,15.2178,0.375901,40,0,0.57343457,131072.0,0.191936,0.119275,15.3313,0.474227,0.130573,14.9665,0.448458,0.07518083,0.78656789,0.12882949,0.11927536,0.53156530,0.43972658,0.04020266,0.03881016,0.00393024,0.00522972,0.05797327,0.05367391,0.15946960,0.13191798,0.00603040,0.00582152,0.00039302,0.00052297,0.22386629,4.56681759,0.22834088,0.20000694,0.24410807,0.72296703
70,0.00002268,0.443271,0.121069,15.6817,0.379482,40,0,0.60580427,131072.0,0.191476,0.118721,15.3823,0.474500,0.129662,15.0475,0.449844,0.07523290,0.77588040,0.12106941,0.11872135,0.52426671,0.43900979,0.04029680,0.03889251,0.00382287,0.00514158,0.05448123,0.05342461,0.15728002,0.13170294,0.00604452,0.00583388,0.00038229,0.00051416,0.21818806,4.50166493,0.22508325,0.20000694,0.23824870,0.72743471
71,0.00002140,0.430871,0.122010,15.6232,0.413163,40,0,0.64340596,131072.0,0.192498,0.119481,15.3876,0.472161,0.130887,15.0140,0.445340,0.07568269,0.78018226,0.12200957,0.11948149,0.48489137,0.44135099,0.04007052,0.03886575,0.00446523,0.00495927,0.05490430,0.05376667,0.14546742,0.13240530,0.00601058,0.00582986,0.00044652,0.00049593,0.20682882,4.48083606,0.22404181,0.20000694,0.24173177,0.72285859
72,0.00002016,0.441338,0.120729,15.6741,0.386241,40,0,0.64702096,131072.0,0.193132,0.120101,15.2278,0.471408,0.131015,14.9187,0.445985,0.07559311,0.77898405,0.12072877,0.12010126,0.51068662,0.44201034,0.04024969,0.03910018,0.00367097,0.00618222,0.05432795,0.05404557,0.15320599,0.13260311,0.00603745,0.00586503,0.00036710,0.00061822,0.21393849,4.54799395,0.22739970,0.20000694,0.24179687,0.71912768
73,0.00001895,0.453466,0.123185,15.4433,0.365383,40,0,0.58331669,131072.0,0.190099,0.117708,15.4416,0.477036,0.129032,15.0680,0.451218,0.07522384,0.78282445,0.12318506,0.11770772,0.54134062,0.43591632,0.04031388,0.03884569,0.00425268,0.00528511,0.05543327,0.05296847,0.16240219,0.13077490,0.00604708,0.00582685,0.00042527,0.00052851,0.22430782,4.58315388,0.22915770,0.20000694,0.24576823,0.72525481
74,0.00001777,0.433212,0.121247,15.5808,0.406013,40,0,0.68744230,131072.0,0.192506,0.119435,15.3287,0.472228,0.130974,14.9579,0.444599,0.07574257,0.78709698,0.12124734,0.11943483,0.49560467,0.44140701,0.03955263,0.03887052,0.00495684,0.00507686,0.05456130,0.05374567,0.14868141,0.13242211,0.00593289,0.00583058,0.00049568,0.00050769,0.20967129,4.47082334,0.22354117,0.20000694,0.24251302,0.72896489
75,0.00001661,0.434212,0.117376,15.8948,0.401630,40,0,0.66063739,131072.0,0.191557,0.118614,15.4122,0.473678,0.130023,15.0418,0.446792,0.07589190,0.78130782,0.11737597,0.11861411,0.50077331,0.43950816,0.03955666,0.03893705,0.00375439,0.00487465,0.05281919,0.05337635,0.15023200,0.13185246,0.00593350,0.00584056,0.00037544,0.00048746,0.20936013,4.49703605,0.22485181,0.20000694,0.24472656,0.72609506
76,0.00001550,0.447030,0.120774,15.5665,0.381064,40,0,0.64316603,131072.0,0.189406,0.116699,15.4774,0.477351,0.128045,15.1006,0.451191,0.07523147,0.77972470,0.12077409,0.11669906,0.52455233,0.43513972,0.03939686,0.03883485,0.00375370,0.00524757,0.05434834,0.05251457,0.15736571,0.13054192,0.00590953,0.00582523,0.00037537,0.00052476,0.21799894,4.58062434,0.22903122,0.20000694,0.24729818,0.71851733
77,0.00001442,0.441088,0.122729,15.6410,0.387883,40,0,0.66672199,131072.0,0.189672,0.116968,15.4680,0.476243,0.128271,15.0927,0.449918,0.07550709,0.78314720,0.12272930,0.11696760,0.51317728,0.43564092,0.04040335,0.03888890,0.00324235,0.00510830,0.05522818,0.05263542,0.15395319,0.13069228,0.00606050,0.00583334,0.00032424,0.00051083,0.21556611,4.51043732,0.22552187,0.20000694,0.24404297,0.72291415
78,0.00001337,0.451291,0.118680,15.7028,0.359250,40,0,0.58202077,131072.0,0.189084,0.116541,15.4587,0.478227,0.127780,15.0929,0.452587,0.07525675,0.77870114,0.11867981,0.11654064,0.54667262,0.43423513,0.04037480,0.03884859,0.00305307,0.00543368,0.05340591,0.05244329,0.16400179,0.13027054,0.00605622,0.00582729,0.00030531,0.00054337,0.22376923,4.55043025,0.22752152,0.20000694,0.24179688,0.72186584
79,0.00001236,0.434746,0.119460,15.7336,0.407497,40,0,0.70716719,131072.0,0.190125,0.116969,15.4753,0.475262,0.128372,15.0862,0.448778,0.07577685,0.78416191,0.11945985,0.11696879,0.49134917,0.43718912,0.03945626,0.03890373,0.00378346,0.00496603,0.05375693,0.05263595,0.14740476,0.13115674,0.00591844,0.00583556,0.00037835,0.00049660,0.20745848,4.54575689,0.22728785,0.20000694,0.24840495,0.71832438
80,0.00001139,0.433956,0.120677,15.5316,0.403799,40,0,0.63982363,131072.0,0.189247,0.116990,15.4238,0.478145,0.128217,15.0654,0.452206,0.07521477,0.77535267,0.12067713,0.11698964,0.49673487,0.43412394,0.04041977,0.03880405,0.00394762,0.00543486,0.05430471,0.05264534,0.14902047,0.13023719,0.00606297,0.00582061,0.00039476,0.00054349,0.20978290,4.48346105,0.22417306,0.20000694,0.24733073,0.72300411
81,0.00001045,0.427854,0.117177,15.7986,0.410085,40,0,0.63231550,131072.0,0.189884,0.117457,15.4227,0.477024,0.128687,15.0593,0.451435,0.07533644,0.77788083,0.11717671,0.11745746,0.49225621,0.43559229,0.03918835,0.03884499,0.00313187,0.00524053,0.05272952,0.05285586,0.14767687,0.13067769,0.00587825,0.00582675,0.00031319,0.00052405,0.20659783,4.42512027,0.22125602,0.20000694,0.24654948,0.73067333
82,0.00000956,0.437379,0.123302,15.4991,0.396663,40,0,0.62548308,131072.0,0.189414,0.116803,15.5013,0.477426,0.128432,15.0902,0.450815,0.07529623,0.78690594,0.12330228,0.11680285,0.50461753,0.43520109,0.04083505,0.03874613,0.00407529,0.00480753,0.05548602,0.05256128,0.15138526,0.13056033,0.00612526,0.00581192,0.00040753,0.00048075,0.21340407,4.47950598,0.22397530,0.20000694,0.24485677,0.72333660
83,0.00000871,0.417482,0.109112,16.3121,0.422467,40,0,0.64929359,131072.0,0.189597,0.117018,15.4002,0.477963,0.128313,15.0294,0.452469,0.07505129,0.78249554,0.10911229,0.11701762,0.47866632,0.43525620,0.03820484,0.03877487,0.00320131,0.00545948,0.04910053,0.05265793,0.14359990,0.13057686,0.00573073,0.00581623,0.00032013,0.00054595,0.19875129,4.37461317,0.21873066,0.20000694,0.24394531,0.73554206
84,0.00000789,0.416433,0.113156,15.9495,0.439822,40,0,0.69674968,131072.0,0.189375,0.117134,15.4527,0.478326,0.128505,15.0671,0.452660,0.07490559,0.78243875,0.11315608,0.11713394,0.45699097,0.43454059,0.03977064,0.03867940,0.00416791,0.00500499,0.05092024,0.05271027,0.13709730,0.13036218,0.00596560,0.00580191,0.00041679,0.00050050,0.19439992,4.44066503,0.22203326,0.20000694,0.24189453,0.72613391
85,0.00000712,0.436478,0.117901,15.6671,0.390655,40,0,0.63162659,131072.0,0.188652,0.116740,15.4375,0.479853,0.128133,15.0530,0.454556,0.07479184,0.78211115,0.11790088,0.11673997,0.51302689,0.43253211,0.03961735,0.03872137,0.00318006,0.00550918,0.05305540,0.05253299,0.15390807,0.12975964,0.00594260,0.00580821,0.00031801,0.00055092,0.21322408,4.46508051,0.22325403,0.20000694,0.24085286,0.72735041
86,0.00000640,0.430329,0.115997,15.8448,0.398770,40,0,0.62541347,131072.0,0.188346,0.116250,15.4713,0.480363,0.127839,15.0662,0.454643,0.07483823,0.78451300,0.11599680,0.11625012,0.50359551,0.43234657,0.03896791,0.03867872,0.00338497,0.00527350,0.05219856,0.05231255,0.15107866,0.12970398,0.00584519,0.00580181,0.00033850,0.00052735,0.20946090,4.41735240,0.22086762,0.20000694,0.23665365,0.72810723
87,0.00000571,0.440039,0.121796,15.5814,0.385800,40,0,0.65076706,131072.0,0.188528,0.116744,15.4479,0.480689,0.128223,15.0620,0.454621,0.07486788,0.78063673,0.12179615,0.11674443,0.51671707,0.43215026,0.04042861,0.03870044,0.00363513,0.00542567,0.05480827,0.05253499,0.15501513,0.12964508,0.00606429,0.00580507,0.00036351,0.00054257,0.21625120,4.47575178,0.22378759,0.20000694,0.24615885,0.72249929
88,0.00000507,0.417377,0.113197,16.0374,0.423417,40,0,0.61790604,131072.0,0.187942,0.116300,15.4925,0.481702,0.127783,15.1018,0.455644,0.07478416,0.78111220,0.11319746,0.11630042,0.47946481,0.43095006,0.03916243,0.03868897,0.00365116,0.00518832,0.05093885,0.05233519,0.14383945,0.12928502,0.00587436,0.00580335,0.00036512,0.00051883,0.20101779,4.32718270,0.21635914,0.20000694,0.23857422,0.73850400
89,0.00000448,0.428470,0.114870,15.9212,0.401389,40,0,0.64081887,131072.0,0.187889,0.116140,15.5001,0.481147,0.127609,15.1080,0.455221,0.07493008,0.77971347,0.11486987,0.11613989,0.50078390,0.43096109,0.03968173,0.03875991,0.00360967,0.00523657,0.05169144,0.05226295,0.15023518,0.12928833,0.00595226,0.00581399,0.00036097,0.00052366,0.20823984,4.40460370,0.22023019,0.20000694,0.24257813,0.73140738
90,0.00000393,0.414772,0.116392,15.9208,0.445885,40,0,0.69789808,131072.0,0.187800,0.115748,15.5390,0.480985,0.127235,15.1376,0.455055,0.07495690,0.78289313,0.11639165,0.11574791,0.45291892,0.43133295,0.03936046,0.03875332,0.00387300,0.00500359,0.05237624,0.05208656,0.13587568,0.12939989,0.00590407,0.00581300,0.00038730,0.00050036,0.19454329,4.40457416,0.22022871,0.20000694,0.24287109,0.72632563
91,0.00000342,0.442494,0.117011,15.8455,0.367868,40,0,0.61565758,131072.0,0.187922,0.115891,15.5385,0.480812,0.127426,15.1326,0.454677,0.07495073,0.78425112,0.11701117,0.11589139,0.53642643,0.43155489,0.03922129,0.03872239,0.00319052,0.00495643,0.05265502,0.05215112,0.16092793,0.12946647,0.00588319,0.00580836,0.00031905,0.00049564,0.21978520,4.45417817,0.22270891,0.20000694,0.24127604,0.72978023
92,0.00000297,0.434784,0.124856,15.4013,0.410321,40,0,0.64943692,131072.0,0.187992,0.116067,15.5151,0.480967,0.127605,15.1157,0.454590,0.07496208,0.78262904,0.12485594,0.11606746,0.49181432,0.43149079,0.04034027,0.03869281,0.00400826,0.00510260,0.05618517,0.05223035,0.14754430,0.12944724,0.00605104,0.00580392,0.00040083,0.00051026,0.21018134,4.49205728,0.22460287,0.20000694,0.24361979,0.72332467
93,0.00000256,0.435452,0.122186,15.5369,0.408517,40,0,0.63017198,131072.0,0.187584,0.115748,15.5337,0.481639,0.127274,15.1320,0.455430,0.07488427,0.78179393,0.12218615,0.11574761,0.49528472,0.43062034,0.04021800,0.03867914,0.00415666,0.00509301,0.05498377,0.05208642,0.14858542,0.12918611,0.00603270,0.00580187,0.00041567,0.00050930,0.21001755,4.50869759,0.22543488,0.20000694,0.23971354,0.71786255
94,0.00000219,0.437035,0.119824,15.5819,0.391391,40,0,0.59567244,131072.0,0.187237,0.115389,15.5619,0.482103,0.126996,15.1487,0.455777,0.07489141,0.78324278,0.11982355,0.11538906,0.51076739,0.43005029,0.04057631,0.03866583,0.00388196,0.00496898,0.05392060,0.05192507,0.15323022,0.12901509,0.00608645,0.00579988,0.00038820,0.00049690,0.21362546,4.46819692,0.22340985,0.20000694,0.24931641,0.72282338
95,0.00000188,0.427266,0.116413,15.6649,0.411923,40,0,0.70518159,131072.0,0.187289,0.115469,15.5534,0.482069,0.127087,15.1423,0.455633,0.07494060,0.78189802,0.11641339,0.11546907,0.48849894,0.43008950,0.03959936,0.03867975,0.00403238,0.00499559,0.05238603,0.05196108,0.14654969,0.12902685,0.00593990,0.00580196,0.00040324,0.00049956,0.20527886,4.43974435,0.22198722,0.20000694,0.24313151,0.72715764
96,0.00000161,0.419929,0.117964,15.8874,0.431024,40,0,0.65494573,131072.0,0.187408,0.115695,15.5432,0.482082,0.127300,15.1354,0.455659,0.07491446,0.78145141,0.11796369,0.11569531,0.46825302,0.43012423,0.03945758,0.03867824,0.00336803,0.00505739,0.05308366,0.05206289,0.14047591,0.12903728,0.00591864,0.00580174,0.00033680,0.00050574,0.19981501,4.40227875,0.22011394,0.20000694,0.24339193,0.72846099
97,0.00000139,0.428080,0.114877,15.9669,0.403031,40,0,0.64714699,131072.0,0.187253,0.115524,15.5553,0.482324,0.127075,15.1480,0.456070,0.07487455,0.78119530,0.11487713,0.11552382,0.49664708,0.42988359,0.03941540,0.03866447,0.00378303,0.00502223,0.05169471,0.05198572,0.14899413,0.12896508,0.00591231,0.00579967,0.00037830,0.00050222,0.20697945,4.42202051,0.22110103,0.20000694,0.24121094,0.72809201
98,0.00000122,0.430136,0.114198,15.8447,0.404570,40,0,0.67899626,131072.0,0.187306,0.115521,15.5560,0.482165,0.127078,15.1476,0.455850,0.07488971,0.78131548,0.11419761,0.11552099,0.49423091,0.43008011,0.04024413,0.03865498,0.00374404,0.00499691,0.05138892,0.05198444,0.14826928,0.12902404,0.00603662,0.00579825,0.00037440,0.00049969,0.20606923,4.48132762,0.22406638,0.20000694,0.24488932,0.72449881
99,0.00000110,0.428547,0.116834,15.8443,0.407751,40,0,0.61261008,131072.0,0.187250,0.115415,15.5626,0.482126,0.126980,15.1532,0.455771,0.07490715,0.78074916,0.11683376,0.11541483,0.49331537,0.43006100,0.03974981,0.03864943,0.00430492,0.00497950,0.05257519,0.05193667,0.14799462,0.12901830,0.00596247,0.00579742,0.00043049,0.00049795,0.20696277,4.43168270,0.22158414,0.20000694,0.24199219,0.72824355
100,0.00000102,0.416078,0.116642,15.9055,0.439126,40,0,0.69924698,262144.0,0.187319,0.115488,15.5557,0.482062,0.127056,15.1469,0.455735,0.07491139,0.78043608,0.11664243,0.11548756,0.45148910,0.43016060,0.04025870,0.03865185,0.00381322,0.00503274,0.05248909,0.05196940,0.13544674,0.12904818,0.00603881,0.00579778,0.00038132,0.00050327,0.19435595,4.43443500,0.22172175,0.20000694,0.23929036,0.71858311
