epoch,lr,train_loss,train_mae,train_psnr,train_ssim,val_loss,val_mae,val_psnr,val_ssim,val_foreground_mae,val_foreground_psnr,val_foreground_ssim,val_gradient_mae,val_hfen,train_rec_l1,val_rec_l1,train_rec_ms_ssim,val_rec_ms_ssim,train_rec_edge,val_rec_edge,train_rec_frequency,val_rec_frequency,train_rec_weighted_l1,val_rec_weighted_l1,train_rec_weighted_ms_ssim,val_rec_weighted_ms_ssim,train_rec_weighted_edge,val_rec_weighted_edge,train_rec_weighted_frequency,val_rec_weighted_frequency,train_rec_total,val_rec_total
1,9.997557473810373e-05,0.3389079891145229,0.24486277848482133,10.996435272693635,0.19177878675982357,0.30074038729071617,0.1935738455504179,12.225411653518677,0.25690128467977047,0.2000514529645443,12.108015894889832,0.2785147614777088,0.08978874515742064,0.8327128514647484,0.24486277848482133,0.1935738455504179,0.7335463345050812,0.6892030239105225,0.05587326837703586,0.04410567181184888,0.0027484568890940864,0.0025539357447996736,0.11018824689090252,0.08710822742432356,0.22006390914320945,0.20676091499626637,0.008380990626756101,0.006615850958041847,0.00027484569100124647,0.000255393575571361,0.3389079891145229,0.30074038729071617
2,9.990232305719946e-05,0.2980610989034176,0.19344740584492684,12.611339426040649,0.24563964027911425,0.2890522852540016,0.17136529088020325,13.200263977050781,0.26126073114573956,0.17390909977257252,13.154829740524292,0.28586050495505333,0.09088290855288506,0.825779527425766,0.19344740584492684,0.17136529088020325,0.6783921018242836,0.6833207011222839,0.04728284040465951,0.04437621030956507,0.003996996651403606,0.002852607241948135,0.08705133004114032,0.07711437810212374,0.20351763889193536,0.20499621890485287,0.007092426333110779,0.006656431884039193,0.00039969966828721224,0.0002852607285603881,0.2980610989034176,0.2890522852540016
3,9.978031724785248e-05,0.30354672744870187,0.19348190873861312,12.761405873298646,0.2315260254777968,0.2800818979740143,0.16372879594564438,13.339674353599548,0.2802659962326288,0.16914141364395618,13.23570454120636,0.3022298440337181,0.08929231390357018,0.8274860829114914,0.19348190873861312,0.16372879594564438,0.6968790292739868,0.6650106832385063,0.046622720547020435,0.04377302248030901,0.004227432426705491,0.0033477713586762547,0.08706685593351722,0.0736779561266303,0.20906371884047986,0.1995032113045454,0.00699340837309137,0.006565953604876995,0.0004227432508287166,0.00033477713986940216,0.30354672744870187,0.2800818979740143
4,9.960967771506668e-05,0.28735369741916655,0.17131709214299917,13.564107847213744,0.24648026172071696,0.2709573842585087,0.15484846383333206,13.583227038383484,0.29749074950814247,0.16099990531802177,13.51914370059967,0.3142647221684456,0.09014852438122034,0.8234771341085434,0.17131709214299917,0.15484846383333206,0.6770521968603134,0.6476685851812363,0.044855669420212504,0.04383771354332566,0.004169869313773234,0.003993415666627698,0.07709268955513834,0.06968180742114782,0.20311566703021527,0.19430058263242245,0.006728350685443729,0.006575657287612557,0.0004169869419456518,0.0003993415739387274,0.28735369741916655,0.2709573842585087
5,9.939057285945934e-05,0.293600769340992,0.17593514621257783,13.381188702583312,0.23101173872128128,0.26492967642843723,0.15035339631140232,13.75934088230133,0.31000034138560295,0.1584753580391407,13.62944209575653,0.31715038418769836,0.0906803710386157,0.8203897476196289,0.17593514621257783,0.15035339631140232,0.6901479750871659,0.6342355981469154,0.04657388422638178,0.043872416485100985,0.003994728223915445,0.004190987820038572,0.0791708141565323,0.06765902694314718,0.20704439990222454,0.19027068838477135,0.0069860828923992814,0.006580862740520388,0.0003994728282123106,0.0004190987910988042,0.293600769340992,0.26492967642843723
6,9.912321891107012e-05,0.2831025838851929,0.16887285728007556,13.445150113105774,0.25485611502081157,0.2608688995242119,0.1499902419745922,13.718337655067444,0.3242526464164257,0.1591403614729643,13.522904396057129,0.3288213685154915,0.08832063432782888,0.832758828997612,0.16887285728007556,0.1499902419745922,0.6657536208629609,0.6213646754622459,0.04542658478021622,0.04323831060901284,0.005697176844478236,0.0047813644632697105,0.07599278334528208,0.0674956077709794,0.19972609393298627,0.18640941195189953,0.006813988019712269,0.00648574682418257,0.0005697176972262241,0.0004781364514201414,0.2831025838851929,0.2608688995242119
7,9.880787971596802e-05,0.2722581695765257,0.15675746388733386,13.901820135116576,0.271552249789238,0.2574809230864048,0.1490628756582737,13.681602835655212,0.33534861356019974,0.1586781144142151,13.504210829734802,0.3310134708881378,0.08800114970654249,0.8312391936779022,0.15675746388733386,0.1490628756582737,0.6481428012251854,0.6113390773534775,0.044691088423132894,0.04314376413822174,0.00570803027076181,0.005293343972880393,0.07054085684940219,0.06707829190418124,0.19444284662604333,0.18340172991156578,0.006703663535881787,0.006471564818639308,0.000570803039772727,0.0005293344111123588,0.2722581695765257,0.2574809230864048
8,9.844486647586726e-05,0.272320868074894,0.15639622062444686,13.887368488311768,0.2692633481696248,0.25291874818503857,0.14232000149786472,14.005598783493042,0.33868275210261345,0.15235388651490211,13.805150270462036,0.3266909308731556,0.0887165879830718,0.8257882297039032,0.15639622062444686,0.14232000149786472,0.648703145980835,0.6058300286531448,0.04521281560882926,0.04326638067141175,0.005496985614809091,0.006357782694976777,0.07037829738110304,0.064043999183923,0.19461095109581947,0.18174901232123375,0.006781922618392855,0.006489957275334746,0.0005496985651916475,0.0006357782731356565,0.272320868074894,0.25291874818503857
9,9.80345374410087e-05,0.2812293354421854,0.15725995860993863,14.018843269348144,0.24719470934942364,0.25392523035407066,0.14330151304602623,13.982360124588013,0.33569691702723503,0.1540777124464512,13.777170896530151,0.3085734434425831,0.08899583201855421,0.8214022368192673,0.15725995860993863,0.14330151304602623,0.6779831513762474,0.6082283183932304,0.04396742256358266,0.04301984654739499,0.004722900860724621,0.005180695268791169,0.07076697954908014,0.0644856789149344,0.2033949539065361,0.18246850185096264,0.006595113663934171,0.006452977191656828,0.0004722900987871981,0.0005180695407034364,0.2812293354421854,0.25392523035407066
10,9.757729755661012e-05,0.262750781327486,0.14681481197476387,14.245787096023559,0.28380811139941214,0.2516091912984848,0.14541565254330635,13.80465304851532,0.3465433120727539,0.15648910216987133,13.597813963890076,0.3125464580953121,0.08752505108714104,0.8347835093736649,0.14681481197476387,0.14541565254330635,0.6322010487318039,0.596980981528759,0.04325497420504689,0.04273440642282367,0.005355486730695702,0.00667682831408456,0.06606666389852762,0.06543704262003303,0.18966032192111015,0.17909430153667927,0.006488246400840581,0.006410161207895726,0.0005355486824555556,0.0006676828415947966,0.262750781327486,0.2516091912984848
11,9.707359806323419e-05,0.26956930942833424,0.15333792977035046,13.961798405647277,0.27606990807689724,0.2506901081651449,0.1427044915035367,13.98431134223938,0.34628332778811455,0.1545458473265171,13.734229445457458,0.30795950070023537,0.08915502764284611,0.8346766456961632,0.15333792977035046,0.1427044915035367,0.6447346016764641,0.5981317609548569,0.043505567498505114,0.04323312174528837,0.006210208959237207,0.005485797533765435,0.06900206701830029,0.0642170193605125,0.19342038705945014,0.17943953536450863,0.006525835394859314,0.006484968471340835,0.0006210208995980793,0.000548579770111246,0.26956930942833424,0.2506901081651449
12,9.652393605146847e-05,0.26093799285590646,0.14557863175868987,14.091535019874573,0.29220651742070913,0.24901394732296467,0.1410601558163762,14.058478832244873,0.34621720761060715,0.1521454844623804,13.863386631011963,0.3089226484298706,0.08957841619849205,0.8302851393818855,0.14557863175868987,0.1410601558163762,0.627849067747593,0.5949406176805496,0.04287434536963701,0.0433319928124547,0.006417305900686188,0.005548894172534347,0.06551038259640336,0.06347706774249673,0.18835472837090492,0.1784821916371584,0.006431152089498937,0.006499799259472638,0.0006417306016373914,0.0005548894259845838,0.26093799285590646,0.24901394732296467
13,9.592885397135708e-05,0.26441156044602393,0.1492203151807189,14.112993192672729,0.2870179700665176,0.24884521774947643,0.14037128072232008,14.099412441253662,0.34399519488215446,0.15170753002166748,13.8877934217453,0.30610571056604385,0.0891038067638874,0.8271892964839935,0.1492203151807189,0.14037128072232008,0.6346601948142052,0.5956701040267944,0.04243968464434147,0.042999285738915205,0.004983989613174344,0.005272165726637468,0.06714914031326771,0.06316707469522953,0.19039806574583054,0.17870103754103184,0.006365952920168639,0.006449893116950989,0.0004983989685342749,0.0005272165835776832,0.26441156044602393,0.24884521774947643
14,9.5288939097068e-05,0.2552923623472452,0.1457562891766429,14.28884539604187,0.3092952651903033,0.25148438289761543,0.14164271391928196,14.01792573928833,0.34088896587491035,0.15338771417737007,13.780329942703247,0.3028876669704914,0.08916554041206837,0.8321234583854675,0.1457562891766429,0.14164271391928196,0.609977750480175,0.6022612601518631,0.04125082036480308,0.04296910157427192,0.005210740664188052,0.006214153429027647,0.06559032863005995,0.06373922014608979,0.18299333304166793,0.18067838437855244,0.006187623331788928,0.006445365434046835,0.000521074075550132,0.0006214153545442969,0.2552923623472452,0.25148438289761543
15,9.460482294732424e-05,0.2574040174484253,0.14085742309689522,14.406410503387452,0.29900217689573766,0.2488409373909235,0.1382149774581194,14.145210146903992,0.34307290613651276,0.14966789074242115,13.92692768573761,0.3051697164773941,0.08671658858656883,0.8442370072007179,0.14085742309689522,0.1382149774581194,0.6244327813386917,0.5986620932817459,0.04081279095262289,0.042448303662240505,0.005664161922322819,0.006783141929190606,0.06338583854958416,0.06219673901796341,0.18732984140515327,0.1795986369252205,0.006121918908320367,0.006367245805449784,0.0005664161992172013,0.0006783141980122309,0.2574040174484253,0.2488409373909235
16,9.387718066217127e-05,0.24698089025914668,0.14017756283283234,14.37737467288971,0.3277783880010247,0.2462548315525055,0.1399955414235592,14.06360924243927,0.3517654053866863,0.1516335904598236,13.828124046325684,0.31334181874990463,0.08833697065711021,0.8419275432825089,0.14017756283283234,0.1399955414235592,0.5907753258943558,0.5870429798960686,0.04056913834065199,0.04322794312611222,0.00583013193027,0.006597526022233069,0.06307990169152618,0.06299799215048552,0.17723260447382927,0.17611290141940117,0.0060853710281662645,0.006484191690105945,0.0005830132004575716,0.0006597526116820518,0.24698089025914668,0.2462548315525055
17,9.310673033669524e-05,0.24244035221636295,0.13927299864590167,14.299149107933044,0.34594753896817565,0.24569089896976948,0.13669766206294298,14.207578182220459,0.34833183884620667,0.14826424233615398,13.97358500957489,0.3107401430606842,0.08718170691281557,0.8371155485510826,0.13927299864590167,0.13669766206294298,0.5769665703177452,0.5903798565268517,0.0404236163944006,0.0425254344008863,0.006139836854708846,0.00684178271330893,0.06267284778878093,0.061513945925980806,0.17308997754007577,0.177113963291049,0.006063542701303959,0.006378815451171249,0.000613983697257936,0.0006841782887931913,0.24244035221636295,0.24569089896976948
18,9.229423231234978e-05,0.24668698906898498,0.13983258977532387,14.342258834838868,0.3311324013397098,0.24449836649000645,0.13582090754061937,14.296400308609009,0.3500329554080963,0.14713052660226822,14.08017373085022,0.31183774024248123,0.08843467105180025,0.831327497959137,0.13983258977532387,0.13582090754061937,0.5911826759576797,0.587679497897625,0.03947225036099553,0.04296080349013209,0.004866761915036477,0.006309913645964116,0.06292466344311834,0.06111940601840615,0.1773548111319542,0.17630385421216488,0.0059208377846516665,0.006444120779633522,0.000486676198488567,0.0006309913769655395,0.24668698906898498,0.24449836649000645
19,9.144048842659084e-05,0.2410992357879877,0.13799768816679717,14.528656435012817,0.3470519185997546,0.24673358723521233,0.1391805289313197,14.098436713218689,0.34956851229071617,0.1502085067331791,13.92465341091156,0.31257888674736023,0.08783379662781954,0.8278189301490784,0.13799768816679717,0.1391805289313197,0.5746088206768036,0.590143695473671,0.03943722797557712,0.04275050852447748,0.0070204121489950925,0.006466623744927347,0.06209895797073841,0.06263123732060194,0.17238265387713908,0.17704311572015285,0.005915584415197373,0.006412576592992991,0.0007020412255769771,0.0006466623781307135,0.2410992357879877,0.24673358723521233
20,9.054634122155993e-05,0.23578570745885372,0.13688157517462968,14.387359380722046,0.3589373523369431,0.2451990284025669,0.1373167773708701,14.203426361083984,0.35104741156101227,0.1487477207556367,14.016444325447083,0.3130712956190109,0.08933702483773232,0.8259554803371429,0.13688157517462968,0.1373167773708701,0.5583416745066643,0.5875696018338203,0.039989236695691946,0.04330320144072175,0.006881044110195944,0.0064010280184447765,0.061596707161515954,0.06179254874587059,0.16750250924378635,0.17627088725566864,0.005998385744169355,0.006495480483863503,0.0006881044319015928,0.0006401028076652437,0.23578570745885372,0.2451990284025669
21,8.961267311259669e-05,0.2470393668860197,0.14312144797295331,14.143613386154176,0.3328838567249477,0.24917678348720074,0.14056109264492989,14.03363049030304,0.3435275927186012,0.15324933640658855,13.729007959365845,0.3040720783174038,0.08818917721509933,0.8606934621930122,0.14312144797295331,0.14056109264492989,0.5865652531385421,0.5957925915718079,0.0398864003829658,0.04301500925794244,0.006821756600402296,0.007342501194216311,0.06440464956685901,0.06325249001383781,0.17596958242356778,0.17873778752982616,0.005982960318215191,0.0064522516331635416,0.0006821756751378416,0.0007342501339735463,0.2470393668860197,0.24917678348720074
22,8.864040551740159e-05,0.24716001637279988,0.14086627773940563,14.264352679252625,0.3316104732453823,0.2412403393536806,0.1353526310995221,14.404761552810669,0.35672513395547867,0.14660987630486488,14.16346549987793,0.31990236416459084,0.08746294025331736,0.8212022930383682,0.14086627773940563,0.1353526310995221,0.5907203137874604,0.5777445584535599,0.04004899207502603,0.04261122737079859,0.005467419424530817,0.006166031816974282,0.06338982358574867,0.06090868217870593,0.17721610032022,0.17332337237894535,0.006007349025458098,0.006391684350091964,0.0005467419549859187,0.0006166031926113646,0.24716001637279988,0.2412403393536806
23,8.763049794670778e-05,0.2384401023387909,0.14045842550694942,14.252038192749023,0.35643179933540525,0.24175694212317467,0.138010716997087,14.255188703536987,0.35854166746139526,0.14973191544413567,14.009701490402222,0.32115838304162025,0.08657701034098864,0.8223997056484222,0.14045842550694942,0.138010716997087,0.5623883903026581,0.5757390633225441,0.03883198038674891,0.042216351721435785,0.006924914720730158,0.005979408393613994,0.06320628952234983,0.06210482120513916,0.168716524168849,0.17272172309458256,0.0058247972512617706,0.006332453049253672,0.0006924914812316274,0.0005979408524581231,0.2384401023387909,0.24175694212317467
24,8.65839470573599e-05,0.2342804942280054,0.13916007820516824,14.303150868415832,0.3635341810062528,0.2346479780972004,0.13442382030189037,14.41405701637268,0.36878474429249763,0.14568915031850338,14.195276141166687,0.33281124010682106,0.08558992948383093,0.826633520424366,0.13916007820516824,0.13442382030189037,0.550056891143322,0.5575207844376564,0.040097708627581594,0.04209074843674898,0.0062672655301867055,0.005874088004929945,0.06262203343212605,0.06049071764573455,0.1650170750916004,0.16725624166429043,0.006014656543266028,0.006313612451776862,0.0006267265629503527,0.0005874088092241436,0.2342804942280054,0.2346479780972004
25,8.550178566873413e-05,0.22144821062684059,0.12730584312230347,14.776947784423829,0.38962599225342276,0.2300567403435707,0.13618207164108753,14.381348967552185,0.380752045661211,0.1474215891212225,14.157249808311462,0.34665246680378914,0.0827079052105546,0.8269839584827423,0.12730584312230347,0.13618207164108753,0.5257307693362236,0.5396476909518242,0.03880943115800619,0.041452032048255205,0.006199324707267806,0.0066269137896597385,0.057287627924233676,0.06128192972391844,0.15771923661231996,0.1618943139910698,0.005821414920501411,0.006217805028427392,0.0006199324829140096,0.0006626913818763569,0.22144821062684059,0.2300567403435707
26,8.438508174347012e-05,0.21703132055699825,0.12511547803878784,14.87997829914093,0.39556129463016987,0.23412795923650265,0.13219198491424322,14.494547605514526,0.36855196207761765,0.14307834301143885,14.310256838798523,0.33303065970540047,0.08440591674298048,0.8176522254943848,0.12511547803878784,0.13219198491424322,0.5141564324498177,0.5591478124260902,0.03891216316260397,0.04168429970741272,0.00645596718240995,0.006445739069022238,0.05630196388810873,0.05948639148846269,0.15424693580716847,0.16774434968829155,0.005836824758443981,0.006252645223867148,0.0006455967240981408,0.0006445739236369263,0.21703132055699825,0.23412795923650265
27,8.32349373335208e-05,0.2260619167238474,0.13222750276327133,14.572161078453064,0.38027086313813924,0.22876896522939205,0.12983507104218006,14.627568125724792,0.3786947689950466,0.14015529118478298,14.464275240898132,0.3450528681278229,0.08414608053863049,0.8174825459718704,0.13222750276327133,0.12983507104218006,0.5334636226296425,0.5447843745350838,0.03889891025610268,0.04161818604916334,0.006856125361809973,0.006651399977272376,0.05950237475335598,0.05842578085139394,0.16003909297287464,0.16343531757593155,0.005834836733993143,0.006242728151846677,0.0006856125428384985,0.0006651399999100249,0.2260619167238474,0.22876896522939205
28,8.205248749256017e-05,0.21878348141908646,0.12574858628213406,14.833591747283936,0.39532416481524707,0.22531526908278465,0.1282258154824376,14.773170709609985,0.3850284218788147,0.13854974694550037,14.59502637386322,0.3522353433072567,0.0840587429702282,0.8064852580428123,0.12574858628213406,0.1282258154824376,0.5199908152222633,0.5358277857303619,0.03767346935346723,0.041541474871337414,0.005483469949103892,0.0063409164431504905,0.05658686244860291,0.05770161561667919,0.1559972506016493,0.1607483420521021,0.005651020613731817,0.006231221545021981,0.0005483470047693117,0.0006340916515910067,0.21878348141908646,0.22531526908278465
29,8.083889915582238e-05,0.2114197462797165,0.12297184374183416,14.870299458503723,0.4147553823888302,0.22516814433038235,0.12700523901730776,14.813791155815125,0.3838772736489773,0.13756238762289286,14.606640934944153,0.35005205124616623,0.08369376324117184,0.8127227649092674,0.12297184374183416,0.12700523901730776,0.49971979260444643,0.5372946932911873,0.03678804417140782,0.04138799989596009,0.0064826551912119616,0.006191699008923024,0.05533732827752828,0.05715235602110624,0.14991594478487968,0.16118841245770454,0.005518206860870123,0.006208200240507722,0.0006482655313448049,0.0006191699139890261,0.2114197462797165,0.22516814433038235
30,7.959536998847746e-05,0.2101400975137949,0.12493951767683029,14.894313073158264,0.4184722226113081,0.22984007187187672,0.13129584584385157,14.53732943534851,0.37707265838980675,0.14186623692512512,14.378047943115234,0.3436775244772434,0.08516039606183767,0.8143487051129341,0.12493951767683029,0.13129584584385157,0.4918608784675598,0.5458596050739288,0.03830182971432805,0.04178800154477358,0.006137711796327494,0.007308598083909601,0.05622278153896332,0.059083128813654184,0.14755826871842145,0.16375788673758507,0.005745274713262916,0.0062682004645466805,0.0006137711894552922,0.000730859817849705,0.2101400975137949,0.22984007187187672
31,7.83231272036805e-05,0.21248175129294394,0.1261031175032258,14.860299348831177,0.4131899788044393,0.223026592284441,0.12896118219941854,14.672911167144775,0.39172080159187317,0.1395287523046136,14.478650212287903,0.36014091596007347,0.0822724997997284,0.8168711960315704,0.1261031175032258,0.12896118219941854,0.4972359538078308,0.527110144495964,0.03907317644916475,0.04099640203639865,0.00703583398135379,0.007115496671758592,0.056746401078999045,0.05803253035992384,0.1491707906126976,0.15813305042684078,0.005860976723488421,0.006149460561573505,0.0007035834038106259,0.0007115496882761363,0.21248175129294394,0.223026592284441
32,7.702342635146036e-05,0.2011654868721962,0.11880874671041966,15.15879909992218,0.4377344086766243,0.2197703681886196,0.12821939680725336,14.706938624382019,0.39989952370524406,0.13853896036744118,14.553765058517456,0.3689219728112221,0.08132439851760864,0.796858623623848,0.11880874671041966,0.12821939680725336,0.4709969639778137,0.5173012912273407,0.03793818834237754,0.040757810696959496,0.007117294002091512,0.007675746193854138,0.05346393473446369,0.05769872758537531,0.14129909556359052,0.1551903933286667,0.005690728535410017,0.0061136719305068254,0.0007117294087947811,0.0007675746510358294,0.2011654868721962,0.2197703681886196
33,7.56975500796434e-05,0.22666763104498386,0.13532281126827,14.281536841392517,0.38896883111447095,0.22581621259450912,0.12760881148278713,14.834091186523438,0.38154420629143715,0.13905988447368145,14.567968606948853,0.34706736728549004,0.08369908295571804,0.8084110617637634,0.13532281126827,0.12760881148278713,0.5318208143115044,0.5387224406003952,0.03750448068603873,0.04117851285263896,0.006004425001447089,0.0059872830752283335,0.06089526377618313,0.057423964608460665,0.15954625103622674,0.1616167388856411,0.005625672289170325,0.006176777125801891,0.0006004425124046975,0.0005987283184367698,0.22666763104498386,0.22581621259450912
34,7.434680686803493e-05,0.20999863520264625,0.12519721426069735,14.774989795684814,0.4260133121162653,0.22485772520303726,0.12901541497558355,14.560285806655884,0.38822341337800026,0.14011644292622805,14.340901494026184,0.3554179407656193,0.08175145369023085,0.8211446404457092,0.12519721426069735,0.12901541497558355,0.4920211538672447,0.5332227870821953,0.03634814601391554,0.04084829520434141,0.006013164148316719,0.007067090191412717,0.05633874526247382,0.058056934736669064,0.14760635290294885,0.159966841340065,0.005452222132589668,0.006127244501840323,0.0006013164227624656,0.0007067090300552081,0.20999863520264625,0.22485772520303726
35,7.297252973710759e-05,0.21221170537173747,0.1277517355978489,14.860138773918152,0.4109621047973633,0.2230684757232666,0.1275048991665244,14.747755885124207,0.38933657109737396,0.1383825084194541,14.50487768650055,0.3569665923714638,0.08231925126165152,0.8275439739227295,0.1277517355978489,0.1275048991665244,0.4938925325870514,0.5294198468327522,0.03900124551728368,0.04104653839021921,0.007054741393949371,0.007083295058691874,0.057488279324024914,0.057377202436327934,0.14816776476800442,0.1588259618729353,0.0058501870837062596,0.0061569809331558645,0.0007054741543470299,0.0007083295204211026,0.21221170537173747,0.2230684757232666
36,7.157607493247112e-05,0.21189398057758807,0.12768164426088333,14.632865238189698,0.4218649923801422,0.21867973543703556,0.12588799931108952,14.910760521888733,0.39951616153120995,0.13629869557917118,14.713530659675598,0.3681124858558178,0.08308086358010769,0.7992575839161873,0.12768164426088333,0.12588799931108952,0.49375747740268705,0.5172919556498528,0.037653587339445946,0.04116123542189598,0.006619537557708099,0.006683636223897338,0.05745673831552267,0.05664959782734513,0.14812724869698285,0.1551875937730074,0.005648038315121085,0.006174185604322702,0.0006619537613005378,0.0006683636329398723,0.21189398057758807,0.21867973543703556
37,7.015882058642166e-05,0.19779262393712999,0.12180948462337256,15.156298565864564,0.4501901902258396,0.22335970029234886,0.13173989299684763,14.565704703330994,0.3937377706170082,0.14286764059215784,14.322778344154358,0.3613714687526226,0.08041279390454292,0.829312302172184,0.12180948462337256,0.13173989299684763,0.4558887675404549,0.5242179408669472,0.037448625359684226,0.040470457170158625,0.00594427954783896,0.007407889992464334,0.05481426641345024,0.059282951056957245,0.13676663693040608,0.15726538933813572,0.005617294041439891,0.006070568808354437,0.0005944279691902921,0.0007407890152535401,0.19779262393712999,0.22335970029234886
38,6.87221653578916e-05,0.21690201200544834,0.12915091700851916,14.583984184265137,0.4083759220317006,0.21754955500364304,0.1284381290897727,14.854779720306396,0.40455302968621254,0.1394853489473462,14.592284202575684,0.3727209158241749,0.08139068726450205,0.8094415366649628,0.12915091700851916,0.1284381290897727,0.5078604429960251,0.5099876374006271,0.0381012967787683,0.040826824493706226,0.007107688207179308,0.006320789514575154,0.05811791149899363,0.05779715580865741,0.1523581391200423,0.15299629606306553,0.005715194763615728,0.006124023871961981,0.0007107688383257482,0.0006320789652818348,0.21690201200544834,0.21754955500364304
39,6.726752705214197e-05,0.20500022806227208,0.12009440120309592,15.024506163597106,0.43146673403680325,0.21758424676954746,0.12650853674858809,14.758536100387573,0.4025985263288021,0.13751658704131842,14.543041110038757,0.37054216489195824,0.08075565006583929,0.8181525245308876,0.12009440120309592,0.12650853674858809,0.4828921020030975,0.5128450244665146,0.03654059073887765,0.04060676693916321,0.006090224672516342,0.007108804216841236,0.05404247911646962,0.05692884046584368,0.14486763644963502,0.15385351702570915,0.005481088836677373,0.006091015296988189,0.0006090224778745323,0.0007108804365998367,0.20500022806227208,0.21758424676954746
40,6.579634122155994e-05,0.20130516923964023,0.11944043934345246,14.988769674301148,0.4453251905739307,0.22135759145021439,0.12695071380585432,14.82422161102295,0.39602944254875183,0.13852522429078817,14.544482231140137,0.36283672600984573,0.08250930719077587,0.800036609172821,0.11944043934345246,0.12695071380585432,0.47118603736162185,0.5249836444854736,0.03677428443916142,0.04081836715340614,0.006850127154029906,0.0061191500863060355,0.05374819654971361,0.057127820327878,0.1413558168336749,0.15749510005116463,0.005516142887063325,0.006122755294200033,0.0006850127247162163,0.0006119150202721357,0.20130516923964023,0.22135759145021439
41,6.431005974894189e-05,0.20760977938771247,0.1250082379207015,14.883848166465759,0.42705229595303534,0.21408638171851635,0.12608206551522017,14.812183141708374,0.4113844595849514,0.13723951391875744,14.572886109352112,0.3802689351141453,0.08014904521405697,0.7994566112756729,0.1250082379207015,0.12608206551522017,0.48372352570295335,0.5019065216183662,0.03738669119775295,0.040416393894702196,0.006310090256738477,0.007150327815907076,0.05625370545312762,0.056736927945166826,0.14511706363409757,0.15057196468114853,0.005608003889210522,0.006062459258828312,0.0006310090373517596,0.0007150327983254101,0.20760977938771247,0.21408638171851635
42,6.281014941466034e-05,0.19748158156871795,0.11916541680693626,15.225462460517884,0.4505600303411484,0.2190176360309124,0.12815940380096436,14.784062504768372,0.4009225219488144,0.13938333466649055,14.523808121681213,0.3690523989498615,0.08122344221919775,0.8122596517205238,0.11916541680693626,0.12815940380096436,0.45909414291381834,0.5151345133781433,0.03698783260770142,0.040675900876522064,0.005807201992138289,0.007041587901767343,0.05362443621270359,0.057671730406582355,0.13772824816405774,0.15454035811126232,0.00554817512165755,0.00610138539923355,0.0005807202102005249,0.0007041587996354792,0.19748158156871795,0.2190176360309124
43,6.12980904491289e-05,0.20047252289950848,0.12171846386045218,15.053486824035645,0.4450099416077137,0.22141602635383606,0.12975759617984295,14.709839224815369,0.3974868170917034,0.1406086441129446,14.478596806526184,0.36658914387226105,0.08170916605740786,0.8110749274492264,0.12171846386045218,0.12975759617984295,0.4645096346735954,0.5206494033336639,0.03733322210609913,0.0407398771494627,0.007463342320988886,0.00719300436321646,0.05477330721914768,0.05839091772213578,0.1393528964370489,0.15619482658803463,0.00559998353710398,0.006110981805250049,0.0007463342386472505,0.0007193004385044333,0.20047252289950848,0.22141602635383606
44,5.977537507199341e-05,0.19829898364841939,0.11837227344512939,15.179113507270813,0.44647715166211127,0.21552390791475773,0.12662774603813887,14.892548680305481,0.408959049731493,0.13775749318301678,14.620154619216919,0.37804660201072693,0.08040575962513685,0.8028131648898125,0.11837227344512939,0.12662774603813887,0.46278825104236604,0.5060383826494217,0.037134598521515724,0.04040852980688214,0.006247924960916862,0.006686212378554046,0.05326752131804824,0.05698248418048024,0.13883648049086333,0.15181152150034904,0.005570189980790019,0.006061279738787562,0.0006247925091884099,0.0006686212400381919,0.19829898364841939,0.21552390791475773
45,5.8243506019491463e-05,0.19547802731394767,0.12172557488083839,15.342435598373413,0.4503375217318535,0.21088289842009544,0.1247874740511179,14.960599660873413,0.41856199130415916,0.13565720431506634,14.70667016506195,0.389320969581604,0.07860221713781357,0.8013215661048889,0.12172557488083839,0.1247874740511179,0.44774350374937055,0.4935813397169113,0.03873642273247242,0.03997235186398029,0.005679967283504084,0.006582738657016307,0.05477650724351406,0.056154361460357904,0.13432305678725243,0.1480744071304798,0.005810463614761829,0.005995853047352284,0.0005679967420292087,0.0006582738824363332,0.19547802731394767,0.21088289842009544
46,5.67039950614331e-05,0.19910864382982255,0.1223090523853898,15.007688617706298,0.44803277477622033,0.21535269729793072,0.12608290184289217,14.968930959701538,0.40970686078071594,0.13712355308234692,14.69270932674408,0.37910381704568863,0.0808720225468278,0.796118326485157,0.1223090523853898,0.12608290184289217,0.45932095497846603,0.506499283015728,0.03703442350961268,0.04029268957674503,0.007181147814844735,0.0062169942539185286,0.055039072316139935,0.056737303733825684,0.13779629152268172,0.1519497912377119,0.0055551637313328685,0.006043903646059334,0.0007181147933806642,0.0006216994479473215,0.19910864382982255,0.21535269729793072
47,5.515836150926649e-05,0.20388961769640446,0.12165750414133072,15.142243146896362,0.4343160893768072,0.21749864891171455,0.12700358498841524,14.86783742904663,0.40435343608260155,0.13815567642450333,14.590574502944946,0.37366705387830734,0.08085306826978922,0.8163250237703323,0.12165750414133072,0.12700358498841524,0.4756169945001602,0.5120246037840843,0.03858640240505338,0.04046974703669548,0.0067067739350022745,0.006691878428682685,0.054745875485241416,0.057151611894369125,0.14268510472029447,0.15360738523304462,0.00578796056797728,0.006070462230127305,0.0006706774061967735,0.0006691878479614388,0.20388961769640446,0.21749864891171455
48,5.3608130716701046e-05,0.19592782929539682,0.11886789705604314,15.386989259719849,0.4501827500760555,0.20762008242309093,0.12177540827542543,15.108681440353394,0.4235966391861439,0.13242541346699,14.865582466125488,0.3948330134153366,0.07875256426632404,0.7933856323361397,0.11886789705604314,0.12177540827542543,0.4538394659757614,0.48728786408901215,0.03788033844903112,0.039928576443344355,0.006033829753869213,0.006454980903072283,0.053490552213042976,0.05479893274605274,0.13615184482187032,0.14618636574596167,0.005682050972245634,0.005989286641124636,0.0006033829849911854,0.0006454981084971223,0.19592782929539682,0.20762008242309093
49,5.205483257436738e-05,0.1902886264026165,0.11609657164663076,15.480187177658081,0.46622246503829956,0.21125433407723904,0.12567900028079748,14.966368794441223,0.41930149123072624,0.13660797663033009,14.695210814476013,0.3897078074514866,0.07890252117067575,0.8044625669717789,0.11609657164663076,0.12567900028079748,0.4395158588886261,0.4935355484485626,0.03725392823107541,0.0399534460157156,0.006023188852122985,0.006450967019191012,0.05224345587193966,0.05655554821714759,0.13185476325452328,0.1480606710538268,0.005588089465163648,0.00599301717011258,0.0006023188912877231,0.0006450967230193783,0.1902886264026165,0.21125433407723904
50,5.050000000000003e-05,0.18963792771100998,0.11291706003248692,15.395847868919372,0.46987912952899935,0.2098702583462,0.1233129259198904,15.028910040855408,0.41951727867126465,0.13413450308144093,14.770360231399536,0.38980818912386894,0.07923197187483311,0.800461545586586,0.11291706003248692,0.1233129259198904,0.4423511326313019,0.4923567399382591,0.03615303407423198,0.04005577089264989,0.006969501209096052,0.006640539373620413,0.05081267543137073,0.05549081461504102,0.13270534556359054,0.14770702831447124,0.005422955320682377,0.0060083658318035305,0.0006969501351704821,0.000664053941363818,0.18963792771100998,0.2098702583462
51,4.894516742563268e-05,0.2078757133334875,0.1315874021500349,14.588202691078186,0.4359865101054311,0.21120755560696125,0.1254399297758937,14.947511672973633,0.418681800365448,0.13579938281327486,14.757774353027344,0.39058768004179,0.07900243904441595,0.7922879606485367,0.1315874021500349,0.1254399297758937,0.4744697093963623,0.4933028966188431,0.038180776638910174,0.04027328547090292,0.005933514301432297,0.007277152093593031,0.05921432934701443,0.056447967421263456,0.14234091881662608,0.14799087680876255,0.005727116682101041,0.006040993030183017,0.0005933514430580544,0.0007277152399183251,0.2078757133334875,0.21120755560696125
52,4.739186928329902e-05,0.2037311267107725,0.12710721269249917,14.86928894519806,0.4384910352528095,0.20901965908706188,0.12458735052496195,14.904183864593506,0.4232672266662121,0.13548319321125746,14.666562676429749,0.3936286196112633,0.07824250031262636,0.8034684583544731,0.12710721269249917,0.12458735052496195,0.4671938523650169,0.4875175282359123,0.03806467079557478,0.03991264011710882,0.006650204937614035,0.007131907579605468,0.057198244519531725,0.05606430675834417,0.14015816189348698,0.14625526126474142,0.00570970083354041,0.005986896227113903,0.0006650205068581272,0.000713190778697026,0.2037311267107725,0.20901965908706188
53,4.584163849073357e-05,0.19877889864146708,0.12243421971797944,15.054949760437012,0.44745114222168925,0.20634994469583035,0.12275393400341272,15.042108535766602,0.4280082993209362,0.13410542998462915,14.762920141220093,0.3983001299202442,0.07826352585107088,0.7980276495218277,0.12243421971797944,0.12275393400341272,0.4576502084732056,0.48137804865837097,0.03803819040767849,0.039997922256588936,0.006827063282980816,0.006975675205467269,0.055095397494733335,0.05523926857858896,0.13729506731033325,0.1444134209305048,0.005705728789325804,0.005999688524752855,0.0006827063372838893,0.0006975675296416739,0.19877889864146708,0.20634994469583035
54,4.429600493856697e-05,0.18405828308314084,0.1124324006959796,15.69720983505249,0.47883983328938484,0.20788282342255116,0.12424376234412193,15.015065908432007,0.4253643825650215,0.13527561724185944,14.756129503250122,0.39625727757811546,0.07838643528521061,0.8011003583669662,0.1124324006959796,0.12424376234412193,0.42430988401174546,0.48430904746055603,0.03715440481901169,0.040070360992103815,0.0059757354872999715,0.006698554410832003,0.05059457877650857,0.055909691378474236,0.12729297056794167,0.14529271982610226,0.005573160969652236,0.006010554323438555,0.0005975735590254772,0.0006698554625472752,0.18405828308314084,0.20788282342255116
55,4.275649398050859e-05,0.19207223169505597,0.11396912094205618,15.476799845695496,0.4561274662613869,0.20687628537416458,0.12309389282017946,15.027026414871216,0.4284996800124645,0.13350581750273705,14.822194695472717,0.39981091395020485,0.07754326891154051,0.7976275607943535,0.11396912094205618,0.12309389282017946,0.44830419719219206,0.48275604099035263,0.037720298394560814,0.03980678180232644,0.006368172632937786,0.006862011505290866,0.05128610311076045,0.055392250418663025,0.13449126537889242,0.1448268173262477,0.005658044980373233,0.005971017526462674,0.0006368172711518127,0.0006862011668999912,0.19207223169505597,0.20687628537416458
56,4.122462492800665e-05,0.19301298446953297,0.11727248579263687,15.117207884788513,0.46291256323456764,0.20503263361752033,0.12245556712150574,15.143271327018738,0.4330720789730549,0.13307407777756453,14.892969369888306,0.4045676626265049,0.0775960385799408,0.7884796261787415,0.11727248579263687,0.12245556712150574,0.4472959116101265,0.4779258295893669,0.036412197584286335,0.03964782180264592,0.005897587956860661,0.006027013558195904,0.05277261678129434,0.05510500445961952,0.13418877869844437,0.14337775483727455,0.005461829848354682,0.005947173573076725,0.0005897588009247557,0.0006027013623679522,0.19301298446953297,0.20503263361752033
57,3.9701909550871175e-05,0.19824976325035096,0.12079507540911436,15.04198932647705,0.45434135273098947,0.20713860914111137,0.12264649290591478,15.064088463783264,0.42864060401916504,0.13383593317121267,14.792523980140686,0.39861151948571205,0.07753448747098446,0.8033066913485527,0.12079507540911436,0.12264649290591478,0.4598804622888565,0.48481377959251404,0.03616560553200543,0.039433496072888374,0.005029942242254037,0.005885284539544955,0.05435778275132179,0.05519092082977295,0.13796414472162724,0.1454441398382187,0.0054248410684522245,0.005915024667046964,0.0005029942326473247,0.0005885284699616022,0.19824976325035096,0.20713860914111137
58,3.81898505853397e-05,0.18668636716902257,0.11514034010469913,15.34073052406311,0.48441074341535567,0.20918140560388565,0.12389509752392769,15.000561237335205,0.42450812086462975,0.13565044663846493,14.667145609855652,0.39423955604434013,0.07722800597548485,0.8100802376866341,0.11514034010469913,0.12389509752392769,0.43002355843782425,0.4896436110138893,0.03508237637579441,0.03940133238211274,0.006037874781759456,0.006253259285585955,0.05181315159425139,0.05575279239565134,0.1290070718154311,0.1468930896371603,0.005262356682214886,0.00591020000865683,0.0006037874843968893,0.0006253259416553192,0.18668636716902257,0.20918140560388565
59,3.668994025105817e-05,0.18524103928357363,0.1116809317842126,15.454403162002563,0.4790643647313118,0.20377361960709095,0.1202994380146265,15.206847906112671,0.4342881292104721,0.13189588114619255,14.88120412826538,0.40428199246525764,0.07757904380559921,0.7964098304510117,0.1116809317842126,0.1202994380146265,0.4301632821559906,0.47702261805534363,0.035556273674592374,0.03953636158257723,0.0060219240462174636,0.006016284503857605,0.05025641778483987,0.05413474515080452,0.12904898915439844,0.14310679119080305,0.00533344125142321,0.005930454353801906,0.0006021924125889199,0.0006016284623910906,0.18524103928357363,0.20377361960709095
60,3.520365877844013e-05,0.18825840894132853,0.11571244802325964,15.29407241344452,0.4805467091500759,0.20468718744814396,0.12132666632533073,15.20686388015747,0.4321114011108875,0.1323531661182642,14.910649299621582,0.40295711532235146,0.07885626889765263,0.7873822748661041,0.11571244802325964,0.12132666632533073,0.43442880511283877,0.47827066481113434,0.03521109027788043,0.03991922223940492,0.005774995505635161,0.0062109967693686485,0.05207060007378459,0.054596998263150454,0.13032864667475225,0.14348120614886284,0.005281663726782427,0.005987883487250656,0.0005774995631327329,0.0006210996907611843,0.18825840894132853,0.20468718744814396
61,3.373247294785809e-05,0.19919677451252937,0.12673418764024974,14.785307240486144,0.457524935901165,0.20287849381566048,0.12083237990736961,15.252871751785278,0.4369269534945488,0.13230594899505377,14.915239214897156,0.4074011892080307,0.07794530689716339,0.7957292720675468,0.12673418764024974,0.12083237990736961,0.4535049989819527,0.4731284826993942,0.03685907768085599,0.03985360963270068,0.005860219184251036,0.0058733227488119155,0.05703038312494755,0.054374569561332464,0.13605150505900382,0.14193854946643114,0.005528861813945696,0.005978041677735746,0.000586021927301772,0.0005873322916158941,0.19919677451252937,0.20287849381566048
62,3.227783464210847e-05,0.1979321140795946,0.12259591743350029,14.943626809120179,0.4583399824798107,0.20173677243292332,0.11823363788425922,15.31920063495636,0.43675394356250763,0.12936653569340706,15.02047312259674,0.40712645277380943,0.07813413348048925,0.7853948399424553,0.12259591743350029,0.11823363788425922,0.45584691166877744,0.47332968562841415,0.036158156115561724,0.03968797577545047,0.0058614983725419735,0.005795317701995373,0.055168161354959014,0.053205135744065046,0.13675407953560353,0.14199891034513712,0.005423723632702604,0.005953196552582085,0.0005861498496415151,0.0005795317865704419,0.1979321140795946,0.20173677243292332
63,3.0841179413578366e-05,0.18309993501752614,0.10897562112659216,15.565001463890075,0.48707722425460814,0.20239069126546383,0.12013993971049786,15.194673657417297,0.43693168088793755,0.13145263493061066,14.890748262405396,0.40740617364645004,0.07816832698881626,0.7903701066970825,0.10897562112659216,0.12013993971049786,0.4274103656411171,0.47243816405534744,0.03482493185438216,0.039860553573817015,0.006140514086291659,0.0061718411452602595,0.04903902797959745,0.05406297091394663,0.1282231157645583,0.1417314549908042,0.0052237399970181285,0.0059790832456201315,0.0006140514216895099,0.0006171841305331327,0.18309993501752614,0.20239069126546383
64,2.9423925067528915e-05,0.17997976578772068,0.11067057866603136,15.540534853935242,0.4916976816952229,0.20465114526450634,0.12223937269300222,15.091621994972229,0.43361207842826843,0.13361321855336428,14.78904104232788,0.40409668534994125,0.07705949526280165,0.7996288016438484,0.11067057866603136,0.12223937269300222,0.41400733441114423,0.4769537150859833,0.03579854113049805,0.03947306424379349,0.006060203337983694,0.006363478227285668,0.04980175942182541,0.05500771664083004,0.12420220579952002,0.14308612048625946,0.005369781353510916,0.005920959869399667,0.0006060203429115063,0.0006363478278217372,0.17997976578772068,0.20465114526450634
65,2.8027470262892447e-05,0.1868935538455844,0.11505113113671542,15.49730830192566,0.4739448703825474,0.20076558366417885,0.1196519872173667,15.232470393180847,0.44175728037953377,0.13109753374010324,14.925638198852539,0.4123236946761608,0.07687775045633316,0.7855033576488495,0.11505113113671542,0.1196519872173667,0.4297592654824257,0.46801500767469406,0.03737613726407289,0.039323508739471436,0.005863417322689202,0.006191551918163896,0.051773007260635495,0.05384339252486825,0.1289277844130993,0.14040450938045979,0.005606420797994361,0.005898526462260634,0.0005863417471118737,0.0006191552038217196,0.1868935538455844,0.20076558366417885
66,2.6653193131965096e-05,0.1841627610847354,0.11263638213276864,15.479201769828796,0.4837271511554718,0.20297912508249283,0.12181038968265057,15.209797382354736,0.4378959983587265,0.1329809194430709,14.903537511825562,0.4088857024908066,0.07792524248361588,0.7920191735029221,0.11263638213276864,0.12181038968265057,0.4246596425771713,0.4719831719994545,0.03655258291400969,0.039794778916984797,0.00595605277485447,0.006002793787047267,0.05068637044169009,0.05481467442587018,0.1273978976532817,0.14159495569765568,0.005482887662947178,0.005969217047095299,0.0005956052842520876,0.0006002793907100568,0.1841627610847354,0.20297912508249283
67,2.530244992035663e-05,0.19209105130285026,0.11761843375861644,15.071485543251038,0.4726027578115463,0.2022588737308979,0.1194331543520093,15.182387590408325,0.4370666481554508,0.13076294399797916,14.886809229850769,0.4074167534708977,0.07753576058894396,0.793122686445713,0.11761843375861644,0.1194331543520093,0.4439793795347214,0.4732706695795059,0.035381743824109434,0.03947518253698945,0.006616746366489679,0.006114742980571464,0.0529282936360687,0.05374491773545742,0.1331938186660409,0.14198120683431625,0.0053072617622092364,0.0059212775668129325,0.0006616746517465799,0.0006114743027865188,0.19209105130285026,0.2022588737308979
68,2.3976573648539666e-05,0.19507876522839068,0.12069911193102598,14.936261963844299,0.46564306542277334,0.20186712592840195,0.11926944088190794,15.247061133384705,0.4391366206109524,0.13034556340426207,14.957942962646484,0.40925900638103485,0.07847139704972506,0.785670205950737,0.12069911193102598,0.11926944088190794,0.4489288076758385,0.4721745625138283,0.036590562434867024,0.039628338534384966,0.005969337697024457,0.005992520062136464,0.05431459899991751,0.05367124732583761,0.1346786480396986,0.14165237452834845,0.0054885846213437615,0.005944251024629921,0.0005969337760689086,0.0005992520182189764,0.19507876522839068,0.20186712592840195
69,2.2676872796319543e-05,0.19084280487149954,0.12001545149832964,15.098036742210388,0.4729443393647671,0.20145126059651375,0.11900468356907368,15.22801387310028,0.4392681308090687,0.1304637659341097,14.909297466278076,0.40938422828912735,0.07735477387905121,0.7993005216121674,0.12001545149832964,0.11900468356907368,0.4356731459498405,0.4712647795677185,0.036947901081293824,0.03947865543887019,0.005917180968390312,0.005979187786579132,0.05400695167481899,0.053552106488496065,0.1307019494473934,0.14137944020330906,0.0055421854194719344,0.005921798525378108,0.0005917181077165878,0.0005979187862976687,0.19084280487149954,0.20145126059651375
70,2.1404630011522596e-05,0.18364799134433268,0.11268070451915264,15.645991587638855,0.48070361837744713,0.20025353878736496,0.11813794355839491,15.317822694778442,0.4417039379477501,0.1295323995873332,14.985203266143799,0.41247084364295006,0.07709707878530025,0.7965434938669205,0.11268070451915264,0.11813794355839491,0.4227037489414215,0.46868740022182465,0.03717555426992476,0.03945996938273311,0.00554209550464293,0.005662371404469013,0.05070631541311741,0.053162073250859976,0.12681113071739675,0.14060622826218605,0.005576333368662745,0.005918995593674481,0.000554209559049923,0.0005662371495418483,0.18364799134433268,0.20025353878736496
71,2.016110084417767e-05,0.1815425019711256,0.10922967940568924,15.796526098251343,0.4836916416883469,0.20105045288801193,0.11872773710638285,15.321276068687439,0.44050322100520134,0.13024759106338024,14.975550889968872,0.4102458208799362,0.07765395287424326,0.7932683154940605,0.10922967940568924,0.11872773710638285,0.42113490402698517,0.47038789838552475,0.036650560330599546,0.039546036161482334,0.005510848652920686,0.005746898998040706,0.04915335420519114,0.05342748062685132,0.1263404766097665,0.1411163741722703,0.005497584259137512,0.0059319057036191225,0.0005510848746780539,0.0005746899059886346,0.1815425019711256,0.20105045288801193
72,1.894751250743987e-05,0.1897643219679594,0.11874328255653381,15.435281324386597,0.4693755187094212,0.19845463894307613,0.11823102179914713,15.37800657749176,0.4473817050457001,0.12951819319278002,15.040597915649414,0.41854582354426384,0.07612047251313925,0.7918332442641258,0.11874328255653381,0.11823102179914713,0.43425426781177523,0.46280983835458755,0.03690475434996188,0.03913898253813386,0.005178472334955586,0.005368756275856867,0.05343447541818023,0.05320395855233073,0.13027628511190414,0.13884295616298914,0.00553571340860799,0.005870847613550723,0.0005178472411898838,0.0005368756283132825,0.1897643219679594,0.19845463894307613
73,1.776506266647925e-05,0.19527181908488273,0.12458212170749902,14.750838041305542,0.4705615796148777,0.19941918179392815,0.11854783445596695,15.346121072769165,0.44448815658688545,0.12987567391246557,15.02125632762909,0.41564251109957695,0.07705354690551758,0.7887666672468185,0.12458212170749902,0.11854783445596695,0.4436370611190796,0.46525202691555023,0.03640672545880079,0.039475968573242426,0.0065773221605923025,0.005756509955972433,0.05606195330619812,0.05334652401506901,0.13309112302958964,0.13957561273127794,0.0054610090388450775,0.005921395495533943,0.0006577322261364316,0.0005756509999628179,0.19527181908488273,0.19941918179392815
74,1.661491825652992e-05,0.17931886557489635,0.10959887765347957,15.77549250125885,0.49283750131726267,0.19950637966394424,0.11855613254010677,15.313371419906616,0.4440995194017887,0.1301560988649726,14.97462522983551,0.4151030518114567,0.07683371193706989,0.7973020076751709,0.10959887765347957,0.11855613254010677,0.41325739175081255,0.46556244045495987,0.03629640359431505,0.039432619232684374,0.005776892980793491,0.0057248819939559326,0.04931949367746711,0.053350258618593216,0.12397722229361534,0.1396687375381589,0.005444460752187297,0.005914893059525639,0.0005776893062829913,0.0005724882084905403,0.17931886557489635,0.19950637966394424
75,1.549821433126591e-05,0.18253091685473918,0.11241869125515222,15.649706840515137,0.48178056329488755,0.20017893984913826,0.11850808840245008,15.333661794662476,0.4427352212369442,0.13016212172806263,14.979525089263916,0.41330045461654663,0.07686615362763405,0.7954270392656326,0.11241869125515222,0.11850808840245008,0.4197561711072922,0.46795403212308884,0.036450235871598125,0.03930645575746894,0.005481143880751915,0.005681233393261209,0.0505884095095098,0.053328638430684805,0.12592685595154762,0.14038621168583632,0.005467535625211894,0.005895968584809452,0.0005481143990436977,0.0005681233578798128,0.18253091685473918,0.20017893984913826
76,1.4416052942640147e-05,0.18372119590640068,0.1126076988875866,15.468228673934936,0.48561971336603166,0.20100215077400208,0.11973370052874088,15.214237689971924,0.442362230271101,0.13121011573821306,14.900364995002747,0.413174569606781,0.07663473300635815,0.7935565635561943,0.1126076988875866,0.11973370052874088,0.42379565387964246,0.4686422646045685,0.03560178009793162,0.03938607592135668,0.005687629444582854,0.006213867032784037,0.05067346319556236,0.05388016393408179,0.12713870201259853,0.14059268590062857,0.005340267205610871,0.0059079116908833385,0.0005687629573003505,0.0006213867072801804,0.18372119590640068,0.20100215077400208
77,1.3369502053292257e-05,0.1805740946903825,0.11264451872557402,15.50585105419159,0.4946835167706013,0.19851806573569775,0.11800691485404968,15.370368719100952,0.44702452421188354,0.1292443023994565,15.050158858299255,0.4178515076637268,0.07704475335776806,0.786142110824585,0.11264451872557402,0.11800691485404968,0.41280867010354994,0.46317994594573975,0.036320525640621784,0.039329097140580416,0.005933798967453186,0.005615955131361261,0.05069003230892122,0.05310310982167721,0.12384260520339012,0.1389539884403348,0.0054480790626257655,0.0058993647107854486,0.0005933799044214539,0.0005615955233224668,0.1805740946903825,0.19851806573569775
78,1.2359594482598444e-05,0.1781384175643325,0.10963735189288855,15.554768753051757,0.5021932318806648,0.1993172951042652,0.1182956313714385,15.345460176467896,0.4441425986588001,0.12989179603755474,15.001882672309875,0.414597500115633,0.07696556020528078,0.7953901141881943,0.10963735189288855,0.1182956313714385,0.4100200325250626,0.46536101400852203,0.03456759015098214,0.03938177926465869,0.006104586423316505,0.005686809279723093,0.04933680705726147,0.05323303258046508,0.12300601471215486,0.13960831053555012,0.0051851387019269165,0.005907267099246383,0.0006104586533183465,0.0005686809399776394,0.1781384175643325,0.1993172951042652
79,1.1387326887403332e-05,0.1763088796287775,0.10735639985650777,15.829246759414673,0.4996654577553272,0.19902739860117435,0.11891017947345972,15.325480818748474,0.4466356709599495,0.13070128671824932,14.962127089500427,0.4167565330862999,0.07673182804137468,0.7963745966553688,0.10735639985650777,0.11891017947345972,0.40696127265691756,0.463514044880867,0.03539020661264658,0.039339563343673944,0.006015835958532989,0.005626658821711317,0.04831037875264883,0.05350957904011011,0.12208838742226362,0.13905422016978264,0.005308531213086098,0.0059009347460232675,0.0006015836072037928,0.0005626659039990045,0.1763088796287775,0.19902739860117435
80,1.0453658778440112e-05,0.18705540467053652,0.11501556634902954,15.32538890838623,0.47566955238580705,0.1988603975623846,0.11807570792734623,15.366212964057922,0.44635334610939026,0.1295446464791894,15.02159833908081,0.41678017377853394,0.07691787928342819,0.7939732298254967,0.11501556634902954,0.11807570792734623,0.42954696267843245,0.4643219858407974,0.038622748712077735,0.03925256431102753,0.0064089536244864576,0.005418427899712697,0.05175700336694718,0.05313406605273485,0.1288640946149826,0.13929660245776176,0.005793412518687546,0.005887884937692434,0.0006408953749996726,0.0005418428008852061,0.18705540467053652,0.1988603975623846
81,9.5595115734092e-06,0.18371326737105848,0.1133602911606431,15.583993053436279,0.4828013740479946,0.19870957545936108,0.11758198030292988,15.306409001350403,0.4455288387835026,0.1293601430952549,14.95676577091217,0.4158351197838783,0.07658501993864775,0.7989089637994766,0.1133602911606431,0.11758198030292988,0.42198539674282076,0.464466355741024,0.03715624026954174,0.03926137927919626,0.005320754597778432,0.005685688549419865,0.051012129755690694,0.05291188973933458,0.12659562453627587,0.1393399117514491,0.005573436245322227,0.005889207066502422,0.0005320754689819296,0.0005685688574885717,0.18371326737105848,0.19870957545936108
82,8.70576768765027e-06,0.1869068367406726,0.11410817857831716,15.38791320323944,0.4784397765994072,0.19828276708722115,0.11743336357176304,15.36206591129303,0.4476138539612293,0.12894865591078997,15.021438360214233,0.4180104099214077,0.07689128629863262,0.7934707477688789,0.11410817857831716,0.11743336357176304,0.4315925121307373,0.46324560791254044,0.03642447646707296,0.039281925186514854,0.00616729103930993,0.005717853782698512,0.051348679093644024,0.05284501239657402,0.12947775907814502,0.13897368498146534,0.005463671701727435,0.005892289045732468,0.000616729118701187,0.0005717853837268194,0.1869068367406726,0.19828276708722115
83,7.893269663304789e-06,0.17153726909309625,0.10282285921275616,15.939469051361083,0.5096006251871585,0.1988111399114132,0.117779272608459,15.34897243976593,0.44523921981453896,0.12940046284347773,14.998762249946594,0.4156182296574116,0.07713558617979288,0.7963207960128784,0.10282285921275616,0.117779272608459,0.3982205271720886,0.46444369852542877,0.035064387647435066,0.03938494995236397,0.005411609497969039,0.005696088133845478,0.04627028573304415,0.053000671323388815,0.11946616359055043,0.13933311495929956,0.005259658378781751,0.005907742772251368,0.0005411609568909626,0.0005696088210243033,0.17153726909309625,0.1988111399114132
84,7.1228193378287565e-06,0.18203826975077392,0.10967157930135726,15.584120774269104,0.4870310515165329,0.19843903742730618,0.11756433825939894,15.34857952594757,0.44680171087384224,0.12908414658159018,15.011155605316162,0.4172566756606102,0.07654788438230753,0.792843297123909,0.10967157930135726,0.11756433825939894,0.42244875282049177,0.46363555639982224,0.03580695334821939,0.03915293049067259,0.005803844370529987,0.005714735307265073,0.04935220936313271,0.05290395114570856,0.12673463094979526,0.1390906721353531,0.005371043190825731,0.005872939887922257,0.0005803844442198169,0.0005714735398214543,0.18203826975077392,0.19843903742730618
85,6.395177052675798e-06,0.19040411990135908,0.12120162397623062,15.188704776763917,0.47584799528121946,0.19743625447154045,0.1180126778781414,15.326541662216187,0.4508311189711094,0.12953166849911213,14.993109226226807,0.42154157161712646,0.07601787429302931,0.7924401983618736,0.12120162397623062,0.1180126778781414,0.43251891881227494,0.4596070498228073,0.036614920990541575,0.03910447517409921,0.006154714999138377,0.00582754728384316,0.054540729336440566,0.0531057040207088,0.12975568063557147,0.13788211904466152,0.005492238356964663,0.005865671555511653,0.0006154715096272412,0.000582754737479263,0.19040411990135908,0.19743625447154045
86,5.711060902932045e-06,0.18206378854811192,0.11142714489251375,15.480982780456543,0.4922439754009247,0.1969680730253458,0.11706269346177578,15.37854516506195,0.45104415342211723,0.12880219984799623,15.019887804985046,0.42131876572966576,0.07636452745646238,0.7921804636716843,0.11142714489251375,0.11706269346177578,0.41975951939821243,0.4595107361674309,0.03596935737878084,0.03916832245886326,0.005983079160796478,0.0056138732470571995,0.05014221388846636,0.05267821066081524,0.12592786066234113,0.13785322476178408,0.005395403830334544,0.005875248636584729,0.0005983079288853332,0.0005613873345282627,0.18206378854811192,0.1969680730253458
87,5.071146028642947e-06,0.17883269637823104,0.11175270546227693,15.622853803634644,0.4955496221780777,0.19726179726421833,0.11730834655463696,15.362685680389404,0.4504821412265301,0.12895909696817398,15.012438893318176,0.42094824090600014,0.07632557023316622,0.7922995015978813,0.11175270546227693,0.11730834655463696,0.4082831755280495,0.4601200297474861,0.03661319534294307,0.0391656537540257,0.005670419589296216,0.0056218116951640695,0.05028871623799205,0.05278875399380922,0.12248495817184449,0.13803601451218128,0.005491979548241943,0.005874848226085305,0.0005670419669513649,0.00056218117242679,0.17883269637823104,0.19726179726421833
88,4.476063948531561e-06,0.17796656768769026,0.10717816390097142,15.822353315353393,0.4939718499779701,0.19745447672903538,0.11748463101685047,15.370621800422668,0.4499971978366375,0.12908251956105232,15.021510481834412,0.4205907844007015,0.07659950945526361,0.791271448135376,0.10717816390097142,0.11748463101685047,0.41305886656045915,0.46044524013996124,0.03549866266548633,0.03924902016296983,0.0049393017448892355,0.005654597785905935,0.048230172507464884,0.052868083119392395,0.12391766514629125,0.13813357520848513,0.005324799596564844,0.00588735326891765,0.000493930177162838,0.000565459786230349,0.17796656768769026,0.19745447672903538
89,3.926401936765843e-06,0.18226202055811883,0.11227909214794636,15.652806806564332,0.48764226511120795,0.1967133767902851,0.11677190102636814,15.40302038192749,0.45123177766799927,0.1283798422664404,15.04911720752716,0.42175180092453957,0.07647480722516775,0.7909609898924828,0.11227909214794636,0.11677190102636814,0.41854063123464585,0.4591028764843941,0.036934849759563806,0.03920755535364151,0.006340076186461374,0.005540176833164878,0.050525590498000386,0.052547354251146317,0.1255621939897537,0.13773086853325367,0.005540227686287836,0.005881133489310741,0.0006340076304695685,0.0005540176880458603,0.18226202055811883,0.1967133767902851
90,3.4227024433899027e-06,0.1861666440963745,0.1156499857082963,15.213292956352234,0.4860024705529213,0.19704575836658478,0.11686645820736885,15.388617396354675,0.45025743916630745,0.1285904087126255,15.030066847801208,0.42059025168418884,0.0764684397727251,0.7928974404931068,0.1156499857082963,0.11686645820736885,0.42736940681934354,0.4600762724876404,0.035664116172119974,0.039202189072966576,0.005637064512848155,0.005526363223907538,0.05204249219968915,0.052589904982596636,0.12821082714945078,0.1380228865891695,0.005349617637693882,0.005880328651983291,0.0005637064632537658,0.0005526363347598817,0.1861666440963745,0.19704575836658478
91,2.9654625589913256e-06,0.18021842390298842,0.11059344913810491,15.388217544555664,0.49818789064884184,0.1972627379000187,0.11723747756332159,15.355161547660828,0.45004020631313324,0.12897280789911747,14.997974872589111,0.4205753281712532,0.07624425832182169,0.7962240278720856,0.11059344913810491,0.11723747756332159,0.4148931235074997,0.4602367803454399,0.03561543500982225,0.03918232023715973,0.006411177311383654,0.005574903931119479,0.04976705070585012,0.05275686411187053,0.12446794249117374,0.13807103782892227,0.005342315463349223,0.005877348245121539,0.0006411177430891257,0.0005574904098466504,0.18021842390298842,0.1972627379000187
92,2.5551335241327686e-06,0.1862243503332138,0.116356304846704,15.298470067977906,0.4833158180117607,0.19754298403859138,0.11731813568621874,15.360911130905151,0.4495023861527443,0.12899873778223991,14.999427795410156,0.42015762999653816,0.07630569115281105,0.797324039041996,0.116356304846704,0.11731813568621874,0.4257434234023094,0.4610477685928345,0.03648390369489789,0.039182910695672035,0.006683945325494278,0.0055805032316129655,0.05236033583059907,0.05279316008090973,0.12772303242236377,0.13831433560699224,0.005472585739335045,0.005877436837181449,0.0006683945503937139,0.0005580503329838393,0.1862243503332138,0.19754298403859138
93,2.1921202840320086e-06,0.17961458433419467,0.11109412740916014,15.8284827709198,0.4886450819671154,0.19764092192053795,0.11707352288067341,15.373971939086914,0.4489506967365742,0.12877745181322098,15.011445760726929,0.41930533945560455,0.07658436894416809,0.7961434945464134,0.11109412740916014,0.11707352288067341,0.4119806006550789,0.46176251769065857,0.036800674209371206,0.03918243991211057,0.005079416546504944,0.005517151264939457,0.04999235570430756,0.052683083806186914,0.12359418589621782,0.138528760522604,0.005520101368892938,0.005877366289496422,0.0005079416628177569,0.000551715134861297,0.17961458433419467,0.19764092192053795
94,1.8767810889299092e-06,0.17922900505363942,0.10780927073210478,15.721697282791137,0.49102972894907,0.1975627187639475,0.1172048905864358,15.363033056259155,0.4492926858365536,0.12892616540193558,15.001850724220276,0.41965002566576004,0.07647565193474293,0.7964019402861595,0.10780927073210478,0.1172048905864358,0.4160076603293419,0.4612820893526077,0.035483929933980106,0.0391905982978642,0.005899417645559879,0.005572978756390512,0.04851417066529393,0.052742199040949345,0.12480230275541544,0.1383846327662468,0.005322589725255966,0.005878589989151806,0.0005899417695218289,0.0005572978898271685,0.17922900505363942,0.1975627187639475
95,1.6094271405406865e-06,0.18267224524170161,0.11183298882097006,15.636756372451782,0.48837455213069914,0.19756793789565563,0.11720653250813484,15.365919470787048,0.449172705411911,0.1289184046909213,15.002939820289612,0.4196312241256237,0.07645147107541561,0.7968344613909721,0.11183298882097006,0.11720653250813484,0.4211305767297745,0.4612908214330673,0.03593530859798193,0.039199557621032,0.006179255808820017,0.005578117212280631,0.05032484349794686,0.05274293851107359,0.12633917909115552,0.1383872525766492,0.005390296480618418,0.005879933945834637,0.0006179255915412796,0.0005578117252298398,0.18267224524170161,0.19756793789565563
96,1.3903222849333511e-06,0.18530866764485837,0.11971094198524952,15.343115377426148,0.4869686134159565,0.19755162671208382,0.11738005932420492,15.361337065696716,0.44950662553310394,0.12907085847109556,14.9994535446167,0.42004160583019257,0.07644096948206425,0.7968602478504181,0.11971094198524952,0.11738005932420492,0.4175879701972008,0.4609547406435013,0.03683895221911371,0.039217076264321804,0.00636505130387377,0.005616098205791786,0.053869922645390034,0.052821025252342224,0.12527639660984277,0.13828642666339874,0.005525843059876934,0.005882561672478914,0.0006365051443481207,0.000561609822398168,0.18530866764485837,0.19755162671208382
97,1.2196827521475405e-06,0.18223601020872593,0.1111752649769187,15.57538468837738,0.49437902607023715,0.19735390320420265,0.11718003917485476,15.373342037200928,0.44981712847948074,0.12887259759008884,15.010607123374939,0.4203236885368824,0.07648966182023287,0.7953116297721863,0.1111752649769187,0.11718003917485476,0.4210538774728775,0.4606129601597786,0.03515012594871223,0.039209225215017796,0.006184549637691816,0.0055761248513590544,0.05002886774018407,0.05273101665079594,0.12631616741418839,0.1381838945671916,0.005272519099526108,0.005881383956875652,0.0006184549783938564,0.0005576124931394588,0.18223601020872593,0.19735390320420265
98,1.097676942800558e-06,0.18253267370164394,0.11284108757972718,15.652966642379761,0.4882243096828461,0.1973322369158268,0.11717904638499022,15.369219779968262,0.4498518034815788,0.128881617449224,15.007516384124756,0.4203815869987011,0.07639384362846613,0.7951042652130127,0.11284108757972718,0.11717904638499022,0.4190473333001137,0.46055585891008377,0.03689962653443217,0.03918427415192127,0.005050363419286441,0.005572643887717277,0.05077848797664046,0.05273056961596012,0.12571420520544052,0.13816676288843155,0.005534944217652082,0.00587764143710956,0.0005050363511145406,0.0005572644058702281,0.18253267370164394,0.1973322369158268
99,1.0244252618962857e-06,0.1723460704088211,0.1031320808455348,16.101718282699586,0.5053536608815193,0.19732830859720707,0.11713724117726088,15.367453575134277,0.4497569389641285,0.12886749114841223,15.005154490470886,0.42023513466119766,0.07635128404945135,0.795257106423378,0.1031320808455348,0.11713724117726088,0.3999961942434311,0.4606233388185501,0.03602938409894705,0.0391640099696815,0.005333647658699192,0.005549462352064438,0.04640943524427712,0.052711757365614176,0.11999886278063059,0.13818700518459082,0.005404407798778266,0.005874601774848998,0.0005333647701263544,0.0005549462366616353,0.1723460704088211,0.19732830859720707
100,1e-06,0.17931851856410502,0.11174347046762705,15.722712683677674,0.4971105448901653,0.19729053415358067,0.11712099798023701,15.366315126419067,0.4499261789023876,0.1288698883727193,15.003448605537415,0.4203450120985508,0.07634986191987991,0.79546158015728,0.11174347046762705,0.11712099798023701,0.41096741408109666,0.46051983535289764,0.03494179332628846,0.03916918998584151,0.005024603179481346,0.005547459033550695,0.05028456053696573,0.052704447880387306,0.12329022921621799,0.13815595675259829,0.005241269222460687,0.0058753787307068706,0.0005024603236506664,0.0005547459095396334,0.17931851856410502,0.19729053415358067
