epoch,lr,train_loss,train_mae,train_psnr,train_ssim,train_optimizer_steps,train_skipped_optimizer_steps,train_grad_norm,train_amp_scale,val_loss,val_mae,val_psnr,val_ssim,val_foreground_mae,val_foreground_psnr,val_foreground_ssim,val_gradient_mae,val_hfen,train_rec_l1,val_rec_l1,train_rec_ms_ssim,val_rec_ms_ssim,train_rec_edge,val_rec_edge,train_rec_frequency,val_rec_frequency,train_rec_weighted_l1,val_rec_weighted_l1,train_rec_weighted_ms_ssim,val_rec_weighted_ms_ssim,train_rec_weighted_edge,val_rec_weighted_edge,train_rec_weighted_frequency,val_rec_weighted_frequency
1,0.00010000,0.348259,0.258351,10.6321,0.184561,40,0,0.42523935,65536.0,0.309457,0.208062,11.7621,0.248678,0.214099,11.6564,0.271161,0.08908324,0.83256710,0.25835149,0.20806210,0.74515212,0.69668666,0.05419930,0.04396731,0.00325403,0.00227999,0.11625817,0.09362794,0.22354565,0.20900600,0.00812990,0.00659510,0.00032540,0.00022800
2,0.00009998,0.309410,0.213421,11.9086,0.235555,40,0,0.30460428,65536.0,0.301981,0.197625,12.2301,0.255512,0.200640,12.1635,0.281032,0.08886451,0.82673629,0.21342066,0.19762468,0.68581935,0.68760967,0.04889871,0.04346805,0.00289913,0.00246447,0.09603930,0.08893111,0.20574581,0.20628291,0.00733481,0.00652021,0.00028991,0.00024645
3,0.00009990,0.318706,0.221506,11.8577,0.221875,40,0,0.31603684,65536.0,0.300541,0.197826,12.1427,0.260619,0.201790,12.0343,0.286597,0.08771226,0.83230574,0.22150616,0.19782570,0.70524259,0.68243361,0.04745049,0.04343402,0.00337932,0.00273749,0.09967777,0.08902156,0.21157279,0.20473009,0.00711757,0.00651510,0.00033793,0.00027375
4,0.00009978,0.311321,0.212831,12.1543,0.226951,40,0,0.28442703,65536.0,0.292450,0.189655,12.2748,0.273574,0.195209,12.1732,0.297667,0.08790584,0.82868236,0.21283091,0.18965543,0.69440870,0.66787857,0.04655803,0.04307212,0.00240727,0.00280934,0.09577391,0.08534494,0.20832262,0.20036358,0.00698370,0.00646082,0.00024073,0.00028093
5,0.00009961,0.311502,0.211253,12.1747,0.229071,40,0,0.27658966,65536.0,0.288584,0.182952,12.6826,0.272121,0.185755,12.6209,0.298768,0.08640952,0.82466450,0.21125338,0.18295192,0.69772075,0.66537351,0.04514236,0.04250109,0.00349940,0.00268849,0.09506402,0.08232836,0.20931623,0.19961206,0.00677135,0.00637516,0.00034994,0.00026885
6,0.00009939,0.309204,0.208523,12.2741,0.231070,40,0,0.34154453,65536.0,0.289443,0.183411,12.6207,0.272741,0.186883,12.5346,0.299158,0.08721200,0.83303036,0.20852289,0.18341128,0.69440744,0.66731932,0.04468514,0.04299981,0.00343841,0.00262105,0.09383530,0.08253507,0.20832224,0.20019581,0.00670277,0.00644997,0.00034384,0.00026211
7,0.00009912,0.306824,0.207771,12.2846,0.235344,40,0,0.31378531,65536.0,0.281223,0.177141,12.7624,0.286982,0.183197,12.6399,0.310469,0.08740996,0.82146483,0.20777115,0.17714096,0.68699364,0.64941026,0.04526907,0.04281398,0.00438881,0.00264447,0.09349702,0.07971343,0.20609810,0.19482309,0.00679036,0.00642210,0.00043888,0.00026445
8,0.00009881,0.302116,0.200601,12.5547,0.239053,40,0,0.30588800,65536.0,0.282294,0.174380,12.8133,0.280756,0.177892,12.7862,0.305986,0.08700821,0.83496068,0.20060082,0.17438023,0.68275013,0.65702464,0.04446655,0.04291080,0.00350740,0.00279347,0.09027037,0.07847110,0.20482505,0.19710740,0.00666998,0.00643662,0.00035074,0.00027935
9,0.00009844,0.301192,0.200253,12.3966,0.243094,40,0,0.28095985,65536.0,0.278662,0.171871,12.9228,0.290196,0.177271,12.8189,0.314229,0.08697781,0.83143204,0.20025300,0.17187149,0.67933473,0.64885382,0.04577445,0.04274299,0.00411730,0.00252009,0.09011385,0.07734217,0.20380043,0.19465615,0.00686617,0.00641145,0.00041173,0.00025201
10,0.00009803,0.288109,0.184068,12.9971,0.257337,40,0,0.31077955,65536.0,0.275665,0.170338,12.9270,0.300083,0.177267,12.8005,0.321351,0.08726132,0.82841927,0.18406835,0.17033842,0.66058717,0.64109320,0.04505618,0.04271126,0.00343789,0.00278005,0.08283075,0.07665229,0.19817616,0.19232797,0.00675843,0.00640669,0.00034379,0.00027801
11,0.00009758,0.293838,0.191716,12.7149,0.250273,40,0,0.35553119,65536.0,0.276832,0.169905,12.9411,0.297155,0.177135,12.7910,0.319358,0.08677257,0.83802689,0.19171578,0.16990549,0.66787382,0.64554101,0.04496822,0.04248178,0.00458995,0.00339591,0.08627210,0.07645747,0.20036215,0.19366231,0.00674523,0.00637227,0.00045900,0.00033959
12,0.00009707,0.289043,0.183662,12.8859,0.256395,40,0,0.30483388,65536.0,0.271905,0.170229,12.8505,0.315470,0.178891,12.7032,0.331012,0.08695243,0.82264055,0.18366235,0.17022875,0.66389445,0.62876526,0.04537064,0.04257403,0.00420929,0.00285966,0.08264806,0.07660294,0.19916834,0.18862958,0.00680560,0.00638610,0.00042093,0.00028597
13,0.00009652,0.286249,0.182437,13.0593,0.261356,40,0,0.33522819,65536.0,0.271009,0.163791,13.1079,0.307031,0.171203,12.9801,0.325227,0.08589340,0.84004803,0.18243719,0.16379125,0.65682078,0.63547963,0.04438539,0.04240807,0.00448046,0.00297355,0.08209673,0.07370606,0.19704624,0.19064390,0.00665781,0.00636121,0.00044805,0.00029736
14,0.00009593,0.294380,0.188793,12.8519,0.247153,40,0,0.32043080,65536.0,0.265952,0.162098,13.1451,0.320728,0.169960,13.0393,0.336446,0.08775453,0.82520828,0.18879266,0.16209769,0.67494735,0.62098504,0.04407070,0.04291091,0.00328919,0.00275791,0.08495670,0.07294396,0.20248422,0.18629552,0.00661060,0.00643664,0.00032892,0.00027579
15,0.00009529,0.280404,0.174879,13.3738,0.267327,40,0,0.34923801,65536.0,0.264459,0.161193,13.1721,0.326797,0.169679,13.0580,0.338032,0.08768230,0.82626674,0.17487872,0.16119342,0.64856187,0.61742055,0.04456386,0.04297350,0.00455683,0.00249540,0.07869542,0.07253704,0.19456857,0.18522617,0.00668458,0.00644603,0.00045568,0.00024954
16,0.00009460,0.273687,0.165914,13.6246,0.274177,40,0,0.36032353,65536.0,0.258054,0.157694,13.3438,0.330902,0.164847,13.2535,0.349440,0.08459420,0.83192635,0.16591389,0.15769415,0.64031223,0.60161323,0.04384925,0.04200702,0.00354625,0.00306565,0.07466125,0.07096236,0.19209368,0.18048398,0.00657739,0.00630105,0.00035462,0.00030657
17,0.00009388,0.258650,0.159205,13.9218,0.306166,40,0,0.42079567,65536.0,0.258809,0.159382,13.3129,0.340309,0.168424,13.1951,0.345991,0.08685915,0.81042337,0.15920472,0.15938227,0.60018452,0.60148642,0.04358600,0.04240434,0.00414698,0.00280188,0.07164212,0.07172202,0.18005536,0.18044593,0.00653790,0.00636065,0.00041470,0.00028019
18,0.00009311,0.273834,0.172607,13.3939,0.285155,40,0,0.42323766,65536.0,0.262706,0.158011,13.2635,0.330248,0.166857,13.1406,0.335833,0.08807045,0.82685803,0.17260677,0.15801094,0.63045728,0.61609022,0.04382580,0.04307725,0.00449762,0.00312534,0.07767304,0.07110492,0.18913719,0.18482707,0.00657387,0.00646159,0.00044976,0.00031253
19,0.00009229,0.280671,0.170717,13.4685,0.263582,40,0,0.34773073,65536.0,0.250615,0.151565,13.6488,0.346934,0.159376,13.5374,0.359736,0.08416370,0.80956513,0.17071718,0.15156503,0.65643747,0.58594500,0.04381979,0.04181429,0.00344310,0.00354734,0.07682273,0.06820426,0.19693125,0.17578350,0.00657297,0.00627214,0.00034431,0.00035473
20,0.00009144,0.277799,0.166329,13.6493,0.261185,40,0,0.35082550,65536.0,0.242851,0.149175,13.7152,0.361088,0.155928,13.6566,0.381395,0.08161401,0.81957602,0.16632881,0.14917488,0.65300752,0.56394945,0.04445216,0.04107053,0.00380542,0.00377028,0.07484796,0.06712869,0.19590226,0.16918484,0.00666782,0.00616058,0.00038054,0.00037703
21,0.00009055,0.257684,0.152486,14.1858,0.302592,40,0,0.40324994,65536.0,0.246991,0.149015,13.7138,0.358254,0.157488,13.6143,0.365046,0.08586507,0.81099676,0.15248600,0.14901495,0.60693338,0.57760806,0.04317507,0.04205169,0.00509365,0.00344391,0.06861870,0.06705672,0.18208002,0.17328242,0.00647626,0.00630775,0.00050936,0.00034439
22,0.00008961,0.268641,0.165692,13.7373,0.290157,40,0,0.37456654,65536.0,0.238872,0.146421,13.8674,0.372790,0.154656,13.7905,0.378656,0.08444319,0.80301265,0.16569160,0.14642083,0.62357702,0.55475486,0.04309868,0.04170430,0.00541564,0.00300710,0.07456122,0.06588937,0.18707312,0.16642646,0.00646480,0.00625564,0.00054156,0.00030071
23,0.00008864,0.269854,0.161555,13.8714,0.280554,40,0,0.38066635,65536.0,0.250442,0.152790,13.4981,0.359052,0.162625,13.3495,0.354965,0.08431874,0.81510778,0.16155549,0.15279014,0.63473031,0.58349840,0.04246358,0.04154783,0.00365753,0.00404282,0.07269997,0.06875556,0.19041910,0.17504952,0.00636954,0.00623217,0.00036575,0.00040428
24,0.00008763,0.233395,0.141964,14.5198,0.358611,40,0,0.39803634,65536.0,0.237400,0.145375,13.9082,0.377984,0.153979,13.8513,0.378496,0.08483377,0.80988874,0.14196352,0.14537549,0.54216255,0.55125038,0.04169929,0.04162251,0.00607675,0.00363020,0.06388358,0.06541897,0.16264877,0.16537512,0.00625489,0.00624338,0.00060768,0.00036302
25,0.00008658,0.251065,0.150944,14.2674,0.319674,40,0,0.41523637,65536.0,0.232247,0.145796,13.8700,0.393365,0.154804,13.7814,0.392002,0.08202494,0.80012101,0.15094411,0.14579557,0.58816531,0.53364081,0.04189163,0.04104061,0.00407011,0.00390882,0.06792485,0.06560801,0.17644960,0.16009225,0.00628374,0.00615609,0.00040701,0.00039088
26,0.00008550,0.247776,0.152510,14.1844,0.334276,40,0,0.41537170,65536.0,0.232467,0.141153,14.1504,0.385375,0.149326,14.0418,0.390951,0.08130931,0.80881613,0.15250967,0.14115326,0.57457086,0.54110178,0.04207262,0.04093635,0.00464024,0.00477077,0.06862935,0.06351897,0.17237127,0.16233054,0.00631089,0.00614045,0.00046402,0.00047708
27,0.00008439,0.259433,0.157635,14.0615,0.306319,40,0,0.41410319,65536.0,0.227793,0.142060,13.9132,0.400603,0.150388,13.9071,0.393741,0.08315343,0.79690386,0.15763518,0.14206021,0.60534216,0.52414998,0.04276582,0.04129371,0.00479529,0.00426871,0.07093583,0.06392709,0.18160266,0.15724500,0.00641487,0.00619406,0.00047953,0.00042687
28,0.00008323,0.251007,0.151049,14.2909,0.319654,40,0,0.41521072,65536.0,0.222651,0.139798,14.1591,0.412793,0.148231,14.1025,0.411497,0.08080512,0.79661326,0.15104920,0.13979829,0.58732254,0.51073726,0.04273171,0.04082250,0.00428352,0.00396869,0.06797214,0.06290923,0.17619677,0.15322118,0.00640976,0.00612338,0.00042835,0.00039687
29,0.00008205,0.247747,0.148416,14.4201,0.327096,40,0,0.42282756,65536.0,0.224490,0.141414,14.0416,0.411268,0.150403,13.9670,0.405921,0.08113398,0.80026034,0.14841561,0.14141355,0.58128534,0.51443902,0.04156542,0.04068634,0.00339686,0.00418946,0.06678702,0.06363610,0.17438561,0.15433171,0.00623481,0.00610295,0.00033969,0.00041895
30,0.00008084,0.254323,0.149873,14.4500,0.312132,40,0,0.41173491,65536.0,0.229254,0.142319,14.0456,0.400672,0.151760,13.9141,0.394458,0.08184638,0.80031227,0.14987300,0.14231909,0.60090618,0.52877124,0.04129709,0.04080645,0.00414005,0.00458474,0.06744285,0.06404359,0.18027186,0.15863138,0.00619456,0.00612097,0.00041401,0.00045847
31,0.00007960,0.235217,0.139126,14.6471,0.349457,40,0,0.45498767,65536.0,0.221520,0.141235,14.1700,0.418779,0.150304,14.0588,0.412718,0.07995099,0.79403270,0.13912569,0.14123512,0.55287600,0.50471164,0.04122215,0.04021690,0.00563809,0.00517892,0.06260656,0.06355580,0.16586281,0.15141350,0.00618332,0.00603254,0.00056381,0.00051789
32,0.00007832,0.230596,0.137478,14.8409,0.361451,40,0,0.41992102,65536.0,0.215714,0.134383,14.4106,0.425814,0.143015,14.3247,0.420241,0.07981535,0.79679018,0.13747834,0.13438294,0.53996559,0.49572101,0.04219869,0.04050412,0.00411628,0.00449701,0.06186525,0.06047232,0.16198968,0.14871631,0.00632980,0.00607562,0.00041163,0.00044970
33,0.00007702,0.253794,0.150374,14.4610,0.314236,40,0,0.39525416,65536.0,0.220016,0.139911,14.2549,0.421800,0.149229,14.1446,0.409568,0.08066570,0.78375993,0.15037370,0.13991118,0.59803936,0.50191185,0.04200604,0.04042397,0.00413279,0.00418736,0.06766816,0.06296003,0.17941182,0.15057356,0.00630091,0.00606360,0.00041328,0.00041874
34,0.00007570,0.251103,0.144283,14.4623,0.312504,40,0,0.36298922,65536.0,0.212496,0.133946,14.4192,0.435386,0.142818,14.3257,0.424874,0.07822846,0.79103636,0.14428281,0.13394551,0.59831006,0.48581719,0.04202405,0.04008067,0.00379379,0.00463302,0.06492726,0.06027548,0.17949303,0.14574516,0.00630361,0.00601210,0.00037938,0.00046330
35,0.00007435,0.238446,0.136317,14.7738,0.339856,40,0,0.37917905,65536.0,0.213673,0.135121,14.4717,0.434955,0.144514,14.3183,0.426146,0.07835325,0.79249445,0.13631675,0.13512112,0.56806865,0.48802011,0.04142629,0.03984562,0.00469407,0.00485364,0.06134254,0.06080450,0.17042060,0.14640604,0.00621394,0.00597684,0.00046941,0.00048536
36,0.00007297,0.238032,0.139409,14.6242,0.345505,40,0,0.39394224,65536.0,0.213265,0.133892,14.4609,0.433882,0.142992,14.3298,0.425343,0.07806528,0.79650249,0.13940866,0.13389231,0.56204171,0.48835365,0.04149330,0.03983143,0.00461484,0.00532308,0.06273389,0.06025154,0.16861252,0.14650610,0.00622400,0.00597471,0.00046148,0.00053231
37,0.00007158,0.217869,0.123271,15.4043,0.379439,40,0,0.45694625,65536.0,0.213893,0.133326,14.4262,0.433763,0.142308,14.3188,0.421506,0.07880101,0.79172773,0.12327138,0.13332640,0.51976984,0.49123810,0.04028260,0.04004637,0.00423321,0.00517795,0.05547212,0.05999688,0.15593096,0.14737144,0.00604239,0.00600696,0.00042332,0.00051780
38,0.00007016,0.244353,0.136398,14.7357,0.323012,40,0,0.36545909,65536.0,0.209490,0.131448,14.6043,0.442150,0.140066,14.5004,0.437297,0.07738703,0.79236645,0.13639758,0.13144786,0.58815841,0.47932768,0.04121543,0.03990563,0.00344500,0.00554640,0.06137891,0.05915154,0.17644753,0.14379831,0.00618231,0.00598584,0.00034450,0.00055464
39,0.00006872,0.241076,0.143727,14.5672,0.340813,40,0,0.49422039,65536.0,0.209973,0.131767,14.5058,0.440456,0.140801,14.3913,0.426204,0.07747557,0.79249679,0.14372710,0.13176655,0.56569110,0.48058666,0.04176889,0.03987145,0.00425658,0.00521207,0.06467719,0.05929494,0.16970734,0.14417600,0.00626533,0.00598072,0.00042566,0.00052121
40,0.00006727,0.249473,0.137708,14.8983,0.311915,40,0,0.37210674,65536.0,0.210065,0.131678,14.6391,0.441297,0.140997,14.4835,0.426174,0.07765828,0.79094822,0.13770813,0.13167766,0.60370111,0.48107178,0.04049321,0.03985487,0.00319624,0.00510057,0.06196866,0.05925495,0.18111034,0.14432154,0.00607398,0.00597823,0.00031962,0.00051006
41,0.00006580,0.220662,0.133117,14.8888,0.384929,40,0,0.45406030,65536.0,0.210033,0.132037,14.5069,0.441008,0.140736,14.3952,0.427592,0.07808760,0.79330924,0.13311724,0.13203688,0.51321806,0.48007354,0.04157159,0.04012631,0.00557825,0.00575429,0.05990276,0.05941660,0.15396542,0.14402207,0.00623574,0.00601895,0.00055783,0.00057543
42,0.00006431,0.224317,0.130504,15.1672,0.373760,40,0,0.40042401,65536.0,0.208503,0.130688,14.4993,0.444382,0.139399,14.3793,0.438588,0.07674012,0.81216654,0.13050436,0.13068766,0.53057754,0.47663165,0.04031097,0.03996342,0.00370037,0.00709205,0.05872696,0.05880945,0.15917327,0.14298950,0.00604665,0.00599451,0.00037004,0.00070920
43,0.00006281,0.234606,0.140122,14.7523,0.359497,40,0,0.40259814,65536.0,0.203035,0.128754,14.6696,0.458145,0.137500,14.5769,0.441677,0.07625434,0.79666437,0.14012226,0.12875434,0.54975678,0.46210670,0.04102684,0.03958215,0.00469836,0.00526698,0.06305501,0.05793945,0.16492704,0.13863202,0.00615403,0.00593732,0.00046984,0.00052670
44,0.00006130,0.236212,0.136841,14.7052,0.347674,40,0,0.39993674,65536.0,0.211897,0.134976,14.5137,0.440018,0.144666,14.3580,0.419802,0.07885399,0.78524467,0.13684092,0.13497569,0.56039314,0.48206019,0.04070011,0.03980320,0.00410461,0.00569434,0.06157841,0.06073906,0.16811795,0.14461806,0.00610502,0.00597048,0.00041046,0.00056943
45,0.00005978,0.205084,0.126809,15.2563,0.424615,40,0,0.47872843,65536.0,0.204346,0.128551,14.6202,0.453989,0.137396,14.5265,0.437899,0.07761809,0.78945900,0.12680875,0.12855076,0.47148306,0.46638369,0.04013581,0.03979473,0.00554655,0.00613974,0.05706393,0.05784784,0.14144492,0.13991511,0.00602037,0.00596921,0.00055466,0.00061397
46,0.00005824,0.207574,0.121595,15.4887,0.409946,40,0,0.44677124,65536.0,0.203140,0.128223,14.6750,0.457458,0.137359,14.5538,0.438121,0.07712273,0.79144134,0.12159463,0.12822301,0.48838147,0.46309115,0.03899453,0.03969977,0.00492554,0.00557744,0.05471758,0.05770036,0.14651445,0.13892735,0.00584918,0.00595497,0.00049255,0.00055774
47,0.00005670,0.232614,0.135931,14.8577,0.358476,40,0,0.40995232,65536.0,0.203116,0.126898,14.7808,0.454154,0.136148,14.6283,0.435824,0.07816891,0.79205547,0.13593123,0.12689752,0.54975374,0.46488100,0.04092966,0.03994350,0.00379089,0.00556630,0.06116905,0.05710388,0.16492613,0.13946431,0.00613945,0.00599152,0.00037909,0.00055663
48,0.00005516,0.208829,0.125010,15.4120,0.412061,40,0,0.46988714,65536.0,0.206980,0.130726,14.5831,0.450906,0.140308,14.4273,0.431616,0.07723630,0.79036910,0.12501039,0.13072621,0.48673576,0.47210479,0.04019431,0.03951472,0.00524905,0.00594766,0.05625467,0.05882679,0.14602073,0.14163144,0.00602915,0.00592721,0.00052491,0.00059477
49,0.00005361,0.199085,0.124782,15.2060,0.442603,40,0,0.41737183,65536.0,0.197333,0.123243,14.9300,0.467507,0.132150,14.7840,0.453408,0.07608006,0.78735812,0.12478195,0.12324284,0.45389468,0.45102802,0.04119373,0.03960345,0.00585424,0.00624399,0.05615188,0.05545927,0.13616841,0.13530841,0.00617906,0.00594052,0.00058542,0.00062440
50,0.00005205,0.220999,0.123358,15.3321,0.371571,40,0,0.43413228,131072.0,0.201971,0.127289,14.7134,0.459614,0.136539,14.5755,0.440341,0.07570906,0.79341782,0.12335757,0.12728931,0.52981337,0.46080972,0.04071251,0.03916933,0.00437614,0.00572198,0.05551090,0.05728019,0.15894402,0.13824292,0.00610688,0.00587540,0.00043761,0.00057220
51,0.00005050,0.212517,0.124008,15.4065,0.402808,40,0,0.42689909,131072.0,0.195857,0.122804,15.0888,0.469595,0.132215,14.8955,0.449800,0.07601846,0.78379022,0.12400773,0.12280371,0.50062679,0.44723268,0.04033090,0.03939365,0.00476197,0.00516172,0.05580348,0.05526167,0.15018804,0.13416981,0.00604964,0.00590905,0.00047620,0.00051617
52,0.00004895,0.210089,0.124454,15.3539,0.410283,40,0,0.45752068,131072.0,0.199161,0.125873,14.8440,0.464696,0.135322,14.6794,0.442861,0.07678877,0.78600197,0.12445447,0.12587275,0.49144653,0.45358831,0.04065759,0.03960635,0.00552101,0.00500649,0.05600451,0.05664274,0.14743397,0.13607650,0.00609864,0.00594095,0.00055210,0.00050065
53,0.00004739,0.217059,0.125586,15.3637,0.392638,40,0,0.40061247,131072.0,0.195796,0.122885,14.9170,0.471989,0.132422,14.7331,0.454168,0.07560248,0.79750300,0.12558605,0.12288518,0.51392768,0.44653191,0.03966120,0.03946402,0.00417445,0.00617991,0.05651372,0.05529833,0.15417831,0.13395958,0.00594918,0.00591960,0.00041744,0.00061799
54,0.00004584,0.220727,0.129106,15.2520,0.385568,40,0,0.40557432,131072.0,0.196660,0.123545,14.8733,0.470061,0.133002,14.7058,0.450388,0.07617375,0.79318541,0.12910607,0.12354509,0.52057873,0.44839734,0.04037269,0.03952713,0.00399931,0.00616918,0.05809773,0.05559529,0.15617363,0.13451921,0.00605590,0.00592907,0.00039993,0.00061692
55,0.00004430,0.222760,0.124295,15.5704,0.373500,40,0,0.41669490,131072.0,0.199295,0.124962,14.9562,0.464093,0.134533,14.7739,0.441213,0.07657437,0.78664362,0.12429462,0.12496207,0.53515240,0.45548244,0.03962127,0.03934457,0.00338628,0.00515330,0.05593258,0.05623293,0.16054573,0.13664474,0.00594319,0.00590169,0.00033863,0.00051533
56,0.00004276,0.220020,0.126195,15.3280,0.384965,40,0,0.40435848,131072.0,0.197285,0.123036,15.0901,0.466112,0.132512,14.9039,0.443841,0.07669323,0.78111646,0.12619450,0.12303605,0.52285689,0.45168915,0.03987058,0.03934626,0.00394840,0.00510011,0.05678752,0.05536622,0.15685707,0.13550675,0.00598059,0.00590194,0.00039484,0.00051001
57,0.00004122,0.228326,0.128153,15.2736,0.364259,40,0,0.44403036,131072.0,0.195478,0.122606,15.0203,0.472657,0.132043,14.8313,0.453171,0.07561193,0.79334434,0.12815338,0.12260561,0.54751419,0.44610761,0.03997369,0.03924355,0.00406389,0.00586159,0.05766902,0.05517252,0.16425426,0.13383229,0.00599605,0.00588653,0.00040639,0.00058616
58,0.00003970,0.220334,0.125086,15.2954,0.383533,40,0,0.40455974,131072.0,0.198145,0.123661,14.9485,0.465120,0.133380,14.7597,0.442439,0.07689555,0.78683908,0.12508565,0.12366149,0.52543398,0.45317374,0.04004854,0.03957565,0.00407518,0.00608610,0.05628854,0.05564767,0.15763020,0.13595213,0.00600728,0.00593635,0.00040752,0.00060861
59,0.00003819,0.222721,0.128194,15.1766,0.379667,40,0,0.44572629,131072.0,0.194455,0.121151,15.0461,0.473390,0.130743,14.8481,0.453277,0.07630493,0.79008999,0.12819368,0.12115131,0.52809829,0.44434813,0.04074454,0.03964467,0.00492369,0.00686203,0.05768716,0.05451809,0.15842949,0.13330444,0.00611168,0.00594670,0.00049237,0.00068620
60,0.00003669,0.214403,0.124458,15.3628,0.398418,40,0,0.40170303,131072.0,0.195274,0.122055,15.0777,0.471795,0.131819,14.8665,0.449467,0.07606687,0.78706478,0.12445809,0.12205478,0.50666843,0.44641638,0.03952281,0.03918029,0.00467709,0.00547310,0.05600614,0.05492465,0.15200053,0.13392492,0.00592842,0.00587704,0.00046771,0.00054731
61,0.00003520,0.207935,0.122623,15.4547,0.414783,40,0,0.42870110,131072.0,0.192915,0.120140,15.2194,0.475604,0.129725,14.9951,0.454954,0.07591898,0.78760256,0.12262270,0.12013980,0.48794557,0.44145259,0.03953637,0.03931663,0.00440793,0.00519188,0.05518021,0.05406291,0.14638368,0.13243578,0.00593046,0.00589749,0.00044079,0.00051919
62,0.00003373,0.205103,0.116505,15.8105,0.416128,40,0,0.43691950,131072.0,0.193801,0.121112,15.1189,0.474940,0.130570,14.9251,0.452920,0.07607313,0.78042644,0.11650548,0.12111227,0.48792572,0.44293212,0.03918945,0.03920761,0.00419625,0.00539355,0.05242746,0.05450052,0.14637772,0.13287964,0.00587842,0.00588114,0.00041962,0.00053936
63,0.00003228,0.208844,0.117245,15.7589,0.404997,40,0,0.41597886,131072.0,0.196356,0.122673,15.0748,0.468657,0.132305,14.8703,0.446167,0.07647258,0.78800626,0.11724528,0.12267345,0.49891202,0.44915221,0.03988527,0.03927410,0.00426935,0.00515736,0.05276037,0.05520305,0.14967361,0.13474567,0.00598279,0.00589112,0.00042694,0.00051574
64,0.00003084,0.219237,0.122397,15.5559,0.382014,40,0,0.42424434,131072.0,0.192135,0.119924,15.1981,0.477819,0.129356,15.0037,0.455589,0.07554726,0.77948407,0.12239664,0.11992386,0.52648892,0.43918446,0.03910282,0.03904836,0.00346389,0.00556220,0.05507849,0.05396573,0.15794668,0.13175534,0.00586542,0.00585725,0.00034639,0.00055622
65,0.00002942,0.211900,0.121946,15.3815,0.403573,40,0,0.51177937,131072.0,0.195738,0.123170,15.1456,0.471894,0.133193,14.8888,0.448251,0.07594205,0.78536309,0.12194620,0.12317046,0.50152363,0.44633809,0.04024449,0.03906214,0.00530745,0.00550786,0.05487579,0.05542670,0.15045709,0.13390143,0.00603667,0.00585932,0.00053074,0.00055079
66,0.00002803,0.232801,0.129117,15.3228,0.354822,40,0,0.39751609,131072.0,0.191833,0.119744,15.2009,0.478617,0.129225,14.9932,0.456290,0.07521613,0.77975760,0.12911743,0.11974445,0.56132643,0.43844389,0.03957109,0.03913011,0.00364544,0.00545506,0.05810284,0.05388500,0.16839794,0.13153317,0.00593566,0.00586952,0.00036454,0.00054551
67,0.00002665,0.204666,0.116269,15.8734,0.420050,40,0,0.43214126,131072.0,0.192650,0.120771,15.1886,0.477503,0.130758,14.9340,0.454548,0.07511145,0.78913943,0.11626932,0.12077063,0.48726497,0.43971857,0.03865148,0.03897616,0.00367581,0.00540932,0.05232119,0.05434678,0.14617950,0.13191557,0.00579772,0.00584642,0.00036758,0.00054093
68,0.00002530,0.225840,0.124111,15.4413,0.364246,40,0,0.42017951,131072.0,0.190294,0.118951,15.2839,0.481246,0.128859,15.0341,0.457971,0.07571256,0.78540464,0.12411079,0.11895079,0.54551164,0.43446047,0.03961332,0.03935558,0.00394667,0.00524632,0.05584985,0.05352785,0.16365350,0.13033814,0.00594200,0.00590334,0.00039467,0.00052463
69,0.00002398,0.212015,0.119850,15.5890,0.402553,40,0,0.43206819,131072.0,0.191985,0.119629,15.2846,0.476692,0.129518,15.0187,0.453531,0.07591107,0.78790075,0.11985041,0.11962913,0.50541150,0.43914468,0.03989771,0.03927229,0.00474484,0.00517549,0.05393268,0.05383311,0.15162346,0.13174341,0.00598466,0.00589084,0.00047448,0.00051755
70,0.00002268,0.206214,0.125207,15.4362,0.423663,40,0,0.45755117,131072.0,0.193259,0.121327,15.0636,0.476718,0.130897,14.8665,0.454787,0.07552791,0.79311355,0.12520711,0.12132722,0.47799782,0.44068784,0.04031955,0.03919183,0.00423845,0.00576983,0.05634320,0.05459725,0.14339935,0.13220636,0.00604793,0.00587877,0.00042384,0.00057698
71,0.00002140,0.196969,0.118141,15.5426,0.443907,40,0,0.44814941,131072.0,0.194118,0.121749,15.1798,0.473644,0.131990,14.9080,0.449861,0.07557483,0.79370162,0.11814145,0.12174946,0.45792955,0.44313890,0.03945353,0.03906976,0.00508073,0.00528336,0.05316365,0.05478726,0.13737887,0.13294168,0.00591803,0.00586046,0.00050807,0.00052834
72,0.00002016,0.206996,0.120330,15.6929,0.418220,40,0,0.46210027,131072.0,0.191475,0.119743,15.2511,0.479090,0.129527,15.0099,0.455735,0.07528992,0.78578494,0.12033035,0.11974281,0.48831959,0.43734166,0.03940376,0.03904781,0.00440458,0.00531409,0.05414866,0.05388426,0.14649588,0.13120250,0.00591056,0.00585717,0.00044046,0.00053141
73,0.00001895,0.212241,0.123454,15.4022,0.405671,40,0,0.42726234,131072.0,0.193884,0.121588,15.1494,0.473881,0.131345,14.9334,0.450015,0.07593557,0.78739626,0.12345350,0.12158785,0.50093069,0.44260149,0.03982805,0.03917231,0.00433236,0.00513262,0.05555407,0.05471453,0.15027921,0.13278045,0.00597421,0.00587585,0.00043324,0.00051326
74,0.00001777,0.210051,0.121211,15.4863,0.409590,40,0,0.42173065,131072.0,0.190197,0.118084,15.2786,0.480516,0.128000,15.0311,0.457392,0.07590436,0.78741232,0.12121093,0.11808361,0.49720661,0.43535759,0.03975899,0.03929012,0.00380649,0.00558164,0.05454492,0.05313762,0.14916199,0.13060728,0.00596385,0.00589352,0.00038065,0.00055816
75,0.00001661,0.205627,0.120815,15.6858,0.421084,40,0,0.40998636,131072.0,0.190324,0.118883,15.2368,0.481606,0.128533,15.0157,0.458683,0.07558653,0.78454868,0.12081490,0.11888251,0.48319354,0.43461737,0.03932737,0.03922230,0.00402720,0.00558005,0.05436670,0.05349713,0.14495807,0.13038522,0.00589911,0.00588335,0.00040272,0.00055801
76,0.00001550,0.199242,0.116583,15.9250,0.435116,40,0,0.46330853,131072.0,0.191225,0.120235,15.1870,0.481287,0.130336,14.9270,0.458046,0.07496931,0.79303582,0.11658280,0.12023470,0.46903174,0.43574364,0.03832608,0.03898110,0.00320948,0.00549277,0.05246226,0.05410561,0.14070953,0.13072310,0.00574891,0.00584716,0.00032095,0.00054928
77,0.00001442,0.212032,0.122507,15.4254,0.407235,40,0,0.44776839,131072.0,0.188812,0.117741,15.3766,0.484795,0.127816,15.0880,0.462052,0.07475579,0.78943474,0.12250734,0.11774089,0.50171088,0.43159948,0.03953742,0.03889734,0.00460129,0.00513755,0.05512830,0.05298340,0.15051327,0.12947985,0.00593061,0.00583460,0.00046013,0.00051376
78,0.00001337,0.207661,0.120104,15.6853,0.410136,40,0,0.44584672,131072.0,0.188580,0.117368,15.2767,0.485312,0.126962,15.0478,0.463408,0.07497567,0.78228766,0.12010417,0.11736824,0.49100494,0.43097623,0.03974969,0.03908502,0.00349999,0.00609036,0.05404688,0.05281571,0.14730149,0.12929288,0.00596245,0.00586275,0.00035000,0.00060904
79,0.00001236,0.202502,0.117215,15.8919,0.425433,40,0,0.44701105,131072.0,0.190670,0.119471,15.3121,0.481091,0.129400,15.0551,0.457405,0.07505124,0.78447998,0.11721520,0.11947116,0.47822190,0.43519782,0.03939325,0.03888298,0.00380054,0.00515790,0.05274684,0.05376202,0.14346658,0.13055935,0.00590899,0.00583245,0.00038005,0.00051579
80,0.00001139,0.216093,0.120459,15.6978,0.391947,40,0,0.42996317,131072.0,0.188868,0.117950,15.2771,0.484780,0.127623,15.0533,0.461318,0.07507059,0.78221259,0.12045883,0.11795018,0.51866847,0.43129372,0.03924252,0.03901087,0.00399815,0.00550507,0.05420647,0.05307758,0.15560055,0.12938812,0.00588638,0.00585163,0.00039982,0.00055051
81,0.00001045,0.203100,0.117132,15.7210,0.421775,40,0,0.43914345,131072.0,0.187395,0.116472,15.3893,0.487093,0.126139,15.1421,0.464353,0.07490371,0.78069223,0.11713201,0.11647195,0.47966628,0.42872324,0.04025283,0.03893350,0.00452366,0.00525133,0.05270940,0.05241237,0.14389989,0.12861698,0.00603792,0.00584003,0.00045237,0.00052513
82,0.00000956,0.192667,0.116399,15.8110,0.452382,40,0,0.43174318,131072.0,0.188921,0.118050,15.3521,0.484804,0.127963,15.0868,0.461689,0.07480181,0.78516582,0.11639923,0.11805014,0.44617572,0.43149395,0.03988121,0.03884225,0.00452911,0.00523753,0.05237965,0.05312256,0.13385272,0.12944819,0.00598218,0.00582634,0.00045291,0.00052375
83,0.00000871,0.210577,0.117855,15.7943,0.405839,40,0,0.45735635,131072.0,0.188630,0.116975,15.3645,0.484132,0.126878,15.1000,0.461107,0.07491218,0.78828693,0.11785518,0.11697514,0.50471014,0.43211493,0.03821755,0.03890647,0.00396546,0.00520659,0.05303483,0.05263881,0.15141305,0.12963448,0.00573263,0.00583597,0.00039655,0.00052066
84,0.00000789,0.206694,0.119582,15.6118,0.423916,40,0,0.44341771,131072.0,0.188177,0.116934,15.3491,0.485781,0.126711,15.0988,0.462995,0.07481472,0.78523856,0.11958184,0.11693430,0.48878846,0.43061559,0.03909475,0.03892607,0.00381843,0.00532991,0.05381183,0.05262044,0.14663655,0.12918468,0.00586421,0.00583891,0.00038184,0.00053299
85,0.00000712,0.205246,0.116183,15.8288,0.419316,40,0,0.47905408,131072.0,0.188387,0.117371,15.3429,0.485217,0.127183,15.0944,0.461926,0.07493358,0.78402727,0.11618309,0.11737123,0.48873888,0.43066303,0.03922766,0.03894388,0.00457295,0.00529114,0.05228239,0.05281705,0.14662167,0.12919891,0.00588415,0.00584158,0.00045730,0.00052911
86,0.00000640,0.210658,0.120468,15.4483,0.407314,40,0,0.46127520,131072.0,0.187997,0.116847,15.3913,0.485921,0.126685,15.1225,0.463002,0.07479112,0.78667022,0.12046828,0.11684709,0.50021365,0.43018544,0.03981005,0.03890367,0.00411948,0.00524732,0.05421073,0.05258119,0.15006410,0.12905564,0.00597151,0.00583555,0.00041195,0.00052473
87,0.00000571,0.198647,0.116813,15.7813,0.436038,40,0,0.46770544,131072.0,0.187536,0.116664,15.4325,0.487150,0.126560,15.1523,0.464362,0.07455098,0.78459605,0.11681330,0.11666387,0.46536091,0.42902762,0.04034589,0.03880308,0.00420530,0.00508469,0.05256599,0.05249874,0.13960828,0.12870829,0.00605188,0.00582046,0.00042053,0.00050847
88,0.00000507,0.202091,0.115156,15.9324,0.424169,40,0,0.43084389,131072.0,0.187275,0.116634,15.4251,0.487649,0.126672,15.1386,0.464492,0.07465504,0.78459118,0.11515601,0.11663416,0.47971653,0.42818470,0.03977232,0.03883230,0.00390172,0.00509213,0.05182020,0.05248537,0.14391496,0.12845541,0.00596585,0.00582485,0.00039017,0.00050921
89,0.00000448,0.206379,0.120739,15.6048,0.420655,40,0,0.48005696,131072.0,0.187754,0.117353,15.3984,0.487043,0.127363,15.1195,0.463749,0.07474575,0.78311363,0.12073915,0.11735255,0.48555477,0.42868773,0.03934087,0.03886412,0.00478669,0.00509640,0.05433261,0.05280865,0.14566643,0.12860632,0.00590113,0.00582962,0.00047867,0.00050964
90,0.00000393,0.205488,0.118758,15.6116,0.416054,40,0,0.47785366,131072.0,0.187055,0.116717,15.4092,0.488195,0.126654,15.1331,0.465258,0.07482512,0.78383436,0.11875766,0.11671697,0.48503842,0.42724255,0.04036468,0.03893420,0.00481316,0.00519620,0.05344094,0.05252264,0.14551153,0.12817277,0.00605470,0.00584013,0.00048132,0.00051962
91,0.00000342,0.207056,0.119886,15.5708,0.414360,40,0,0.41336839,131072.0,0.187151,0.116902,15.4113,0.488116,0.126910,15.1302,0.464939,0.07477521,0.78387982,0.11988575,0.11690207,0.48899226,0.42731567,0.04021115,0.03890580,0.00377699,0.00514129,0.05394859,0.05260593,0.14669768,0.12819471,0.00603167,0.00583587,0.00037770,0.00051413
92,0.00000297,0.208331,0.119309,15.6457,0.412736,40,0,0.45980445,131072.0,0.186948,0.116633,15.3946,0.488530,0.126472,15.1319,0.465502,0.07477452,0.78195351,0.11930859,0.11663323,0.49415213,0.42699081,0.03974511,0.03892020,0.00434596,0.00528051,0.05368886,0.05248495,0.14824564,0.12809725,0.00596177,0.00583803,0.00043460,0.00052805
93,0.00000256,0.204802,0.117433,15.8653,0.420586,40,0,0.51038873,131072.0,0.186921,0.116547,15.4104,0.488422,0.126400,15.1456,0.465383,0.07472923,0.78248157,0.11743285,0.11654749,0.48583704,0.42706574,0.03927457,0.03889393,0.00314790,0.00520883,0.05284478,0.05244637,0.14575112,0.12811973,0.00589119,0.00583409,0.00031479,0.00052088
94,0.00000219,0.221864,0.123657,15.3825,0.377371,40,0,0.41397662,131072.0,0.187150,0.116648,15.4093,0.487728,0.126515,15.1431,0.464593,0.07481327,0.78268963,0.12365669,0.11664821,0.53252335,0.42769510,0.04039875,0.03889660,0.00401818,0.00515318,0.05564551,0.05249169,0.15975701,0.12830854,0.00605981,0.00583449,0.00040182,0.00051532
95,0.00000188,0.219924,0.118702,15.8448,0.376245,40,0,0.43090131,131072.0,0.187014,0.116447,15.4299,0.487847,0.126355,15.1569,0.464652,0.07478839,0.78276015,0.11870221,0.11644699,0.53454122,0.42756747,0.03917036,0.03887831,0.00270509,0.00511221,0.05341599,0.05240114,0.16036237,0.12827025,0.00587555,0.00583175,0.00027051,0.00051122
96,0.00000161,0.205299,0.115463,15.7548,0.413044,40,0,0.47419211,131072.0,0.187049,0.116530,15.4117,0.487934,0.126361,15.1486,0.464744,0.07481055,0.78186900,0.11546290,0.11653000,0.48993868,0.42752830,0.03962868,0.03889590,0.00414451,0.00517164,0.05195830,0.05243850,0.14698161,0.12825849,0.00594430,0.00583439,0.00041445,0.00051716
97,0.00000139,0.200149,0.116427,15.7773,0.430376,40,0,0.46977559,131072.0,0.186763,0.116331,15.4232,0.488516,0.126159,15.1588,0.465356,0.07476780,0.78135271,0.11642744,0.11633116,0.47133877,0.42687019,0.03950029,0.03889479,0.00430073,0.00518508,0.05239234,0.05234902,0.14140164,0.12806106,0.00592504,0.00583422,0.00043007,0.00051851
98,0.00000122,0.206011,0.115815,15.8450,0.414392,40,0,0.47837292,131072.0,0.186879,0.116441,15.4251,0.488341,0.126274,15.1598,0.465146,0.07476671,0.78126045,0.11581466,0.11644077,0.49193289,0.42710386,0.03937828,0.03888818,0.00407395,0.00515779,0.05211660,0.05239835,0.14757987,0.12813116,0.00590674,0.00583323,0.00040739,0.00051578
99,0.00000110,0.198962,0.114037,15.8889,0.435150,40,0,0.44849370,131072.0,0.187061,0.116630,15.4236,0.488131,0.126471,15.1573,0.464931,0.07470597,0.78179756,0.11403729,0.11663026,0.47150560,0.42745761,0.03883552,0.03884997,0.00368163,0.00512411,0.05131678,0.05248362,0.14145169,0.12823729,0.00582533,0.00582750,0.00036816,0.00051241
100,0.00000102,0.193410,0.119432,15.7380,0.456384,40,0,0.46065584,262144.0,0.187206,0.116750,15.4177,0.487845,0.126597,15.1523,0.464568,0.07472706,0.78164469,0.11943222,0.11675027,0.44377219,0.42776281,0.04037847,0.03884481,0.00476800,0.00513040,0.05374450,0.05253762,0.13313166,0.12832885,0.00605677,0.00582672,0.00047680,0.00051304
