epoch,lr,train_loss,train_mae,train_psnr,train_ssim,train_optimizer_steps,train_skipped_optimizer_steps,train_grad_norm,train_amp_scale,train_refinement_abs_delta,train_refinement_max_abs_delta,val_loss,val_mae,val_psnr,val_ssim,val_foreground_mae,val_foreground_psnr,val_foreground_ssim,val_gradient_mae,val_hfen,train_rec_l1,val_rec_l1,train_rec_ms_ssim,val_rec_ms_ssim,train_rec_edge,val_rec_edge,train_rec_frequency,val_rec_frequency,train_rec_weighted_l1,val_rec_weighted_l1,train_rec_weighted_ms_ssim,val_rec_weighted_ms_ssim,train_rec_weighted_edge,val_rec_weighted_edge,train_rec_weighted_frequency,val_rec_weighted_frequency,train_rec_loss,train_rareclv2_patchnce_loss,train_rareclv2_weighted_patchnce_loss,train_rareclv2_effective_lambda,train_rareclv2_curriculum_stage,train_rareclv2_effective_hard_ratio,train_rareclv2_patchnce_active,train_rareclv2_hard_region_fraction,train_rareclv2_sampled_hard_fraction,train_rareclv2_positive_similarity
1,0.00010000,0.351273,0.260852,10.5382,0.179101,40,0,0.38949509,65536.0,0.00492125,0.00746460,0.310969,0.206804,11.7964,0.242516,0.213872,11.6406,0.264377,0.08755323,0.83119950,0.26085204,0.20680361,0.75109341,0.70378019,0.05455438,0.04328734,0.00378114,0.00280283,0.11738342,0.09306162,0.22532803,0.21113407,0.00818316,0.00649310,0.00037811,0.00028028,0.35127272,0.00000000,0.00000000,0.00000000,0.00000000,0.00000000,0.00000000,0.00000000,0.00000000,0.00000000
2,0.00009998,0.307939,0.206947,12.1874,0.231101,40,0,0.32174526,65536.0,0.01854687,0.02817383,0.293142,0.184907,12.5380,0.266915,0.188861,12.4673,0.291931,0.08869577,0.83611282,0.20694702,0.18490685,0.69048922,0.67692963,0.04870525,0.04384922,0.00360560,0.00277337,0.09312616,0.08320808,0.20714677,0.20307890,0.00730579,0.00657738,0.00036056,0.00027734,0.30793928,0.00000000,0.00000000,0.00000000,0.00000000,0.00000000,0.00000000,0.00000000,0.00000000,0.00000000
3,0.00009990,0.306712,0.200164,12.4994,0.227310,40,0,0.30025588,65536.0,0.03429413,0.05347900,0.283053,0.172049,13.0027,0.277751,0.178095,12.8575,0.300697,0.08817481,0.83275993,0.20016426,0.17204860,0.69807656,0.66267776,0.04571229,0.04315860,0.00358081,0.00354366,0.09007392,0.07742186,0.20942297,0.19880334,0.00685684,0.00647379,0.00035808,0.00035437,0.30671181,0.00000000,0.00000000,0.00000000,0.00000000,0.00000000,0.00000000,0.00000000,0.00000000,0.00000000
4,0.00009978,0.297425,0.187443,12.9065,0.238099,40,0,0.30652158,65536.0,0.05034256,0.07550049,0.272946,0.161358,13.1831,0.298978,0.168545,13.0958,0.315359,0.08717155,0.84145411,0.18744287,0.16135836,0.68666015,0.64501058,0.04421247,0.04285762,0.00445588,0.00403006,0.08434929,0.07261126,0.20599805,0.19350318,0.00663187,0.00642864,0.00044559,0.00040301,0.29742480,0.00000000,0.00000000,0.00000000,0.00000000,0.00000000,0.00000000,0.00000000,0.00000000,0.00000000
5,0.00009961,0.300510,0.185235,12.9042,0.225449,40,0,0.27038094,65536.0,0.06208649,0.08886719,0.266201,0.151766,13.6966,0.308984,0.159739,13.5640,0.319689,0.09041672,0.82666411,0.18523454,0.15176567,0.69946474,0.63652828,0.04576731,0.04380132,0.00450104,0.00377757,0.08335554,0.06829455,0.20983943,0.19095849,0.00686510,0.00657020,0.00045010,0.00037776,0.30051017,0.00000000,0.00000000,0.00000000,0.00000000,0.00000000,0.00000000,0.00000000,0.00000000,0.00000000
6,0.00009939,0.277684,0.161403,13.7394,0.258290,40,0,0.30008602,65536.0,0.06953278,0.09448242,0.261227,0.153136,13.5030,0.330502,0.163260,13.3208,0.326455,0.08881589,0.83694667,0.16140345,0.15313573,0.65987904,0.61794403,0.04396741,0.04321136,0.00493284,0.00450731,0.07263155,0.06891108,0.19796372,0.18538322,0.00659511,0.00648170,0.00049328,0.00045073,0.27768367,0.00000000,0.00000000,0.00000000,0.00000000,0.00000000,0.00000000,0.00000000,0.00000000,0.00000000
7,0.00009912,0.276857,0.161375,13.6635,0.263354,40,0,0.30210562,65536.0,0.07633514,0.09765625,0.258103,0.150574,13.5997,0.335162,0.160986,13.4407,0.316676,0.08895373,0.83025498,0.16137511,0.15057445,0.65694461,0.61139324,0.04394898,0.04326722,0.00562387,0.00436047,0.07261880,0.06775850,0.19708339,0.18341798,0.00659235,0.00649008,0.00056239,0.00043605,0.27685692,0.00000000,0.00000000,0.00000000,0.00000000,0.00000000,0.00000000,0.00000000,0.00000000,0.00000000
8,0.00009881,0.274239,0.160182,13.7718,0.269388,40,0,0.30945626,65536.0,0.07962036,0.09870605,0.260813,0.148224,13.6735,0.327371,0.158806,13.5299,0.308763,0.08902910,0.83928134,0.16018194,0.14822351,0.65030817,0.62353334,0.04379090,0.04362138,0.00495991,0.00509120,0.07208187,0.06670058,0.19509246,0.18706001,0.00656864,0.00654321,0.00049599,0.00050912,0.27423896,0.00000000,0.00000000,0.00000000,0.00000000,0.00000000,0.00000000,0.00000000,0.00000000,0.00000000
9,0.00009844,0.279148,0.164489,13.4607,0.266326,40,0,0.33458682,65536.0,0.08309021,0.09930420,0.256614,0.151040,13.6248,0.337501,0.162141,13.4463,0.304101,0.08896194,0.82036836,0.16448926,0.15104036,0.65939408,0.60594407,0.04355951,0.04311626,0.00775209,0.00395672,0.07402017,0.06796816,0.19781823,0.18178323,0.00653393,0.00646744,0.00077521,0.00039567,0.27914753,0.00000000,0.00000000,0.00000000,0.00000000,0.00000000,0.00000000,0.00000000,0.00000000,0.00000000
10,0.00009803,0.268471,0.156186,13.6649,0.284811,40,0,0.29724852,65536.0,0.08410034,0.09959717,0.253536,0.145340,13.8944,0.340531,0.155832,13.7195,0.308008,0.08939855,0.82975450,0.15618557,0.14533995,0.63669101,0.60383292,0.04321549,0.04356967,0.00698246,0.00447624,0.07028351,0.06540298,0.19100731,0.18114988,0.00648232,0.00653545,0.00069825,0.00044762,0.26847139,0.00000000,0.00000000,0.00000000,0.00000000,0.00000000,0.00000000,0.00000000,0.00000000,0.00000000
11,0.00009758,0.256747,0.147730,14.0419,0.307333,40,0,0.34790314,65536.0,0.08538818,0.09992676,0.253103,0.147343,13.6315,0.344790,0.159020,13.4352,0.307692,0.08804647,0.84270710,0.14773031,0.14734279,0.61151688,0.59934351,0.04180458,0.04283106,0.00542422,0.00571376,0.06647864,0.06630425,0.18345507,0.17980306,0.00627069,0.00642466,0.00054242,0.00057138,0.25674682,0.00000000,0.00000000,0.00000000,0.00000000,0.00000000,0.00000000,0.00000000,0.00000000,0.00000000
12,0.00009707,0.270309,0.156365,13.8136,0.279853,40,0,0.33590146,65536.0,0.08810730,0.10009766,0.253095,0.146853,13.6961,0.343968,0.158302,13.5068,0.307388,0.08785397,0.84479879,0.15636549,0.14685281,0.64334103,0.59991356,0.04215103,0.04282276,0.00619784,0.00614071,0.07036447,0.06608376,0.19300232,0.17997407,0.00632266,0.00642341,0.00061978,0.00061407,0.27030923,0.00000000,0.00000000,0.00000000,0.00000000,0.00000000,0.00000000,0.00000000,0.00000000,0.00000000
13,0.00009652,0.261102,0.143803,14.2111,0.288125,40,0,0.30503745,65536.0,0.08759460,0.10009766,0.252474,0.143311,13.8278,0.341290,0.154928,13.6271,0.303477,0.08800030,0.85194837,0.14380319,0.14331104,0.63122917,0.60312738,0.04261412,0.04303598,0.00629536,0.00590134,0.06471143,0.06448997,0.18936876,0.18093822,0.00639212,0.00645540,0.00062954,0.00059013,0.26110185,0.00000000,0.00000000,0.00000000,0.00000000,0.00000000,0.00000000,0.00000000,0.00000000,0.00000000
14,0.00009593,0.251746,0.146735,14.1429,0.321168,40,0,0.36651896,65536.0,0.08860626,0.10009766,0.249733,0.142112,13.9422,0.346276,0.153297,13.7697,0.309459,0.08786439,0.82900534,0.14673527,0.14211213,0.59645293,0.59617594,0.04139587,0.04280805,0.00570253,0.00508645,0.06603087,0.06395046,0.17893588,0.17885279,0.00620938,0.00642121,0.00057025,0.00050864,0.25174639,0.00000000,0.00000000,0.00000000,0.00000000,0.00000000,0.00000000,0.00000000,0.00000000,0.00000000
15,0.00009529,0.254840,0.142917,14.1991,0.307858,40,0,0.35445683,65536.0,0.08908081,0.10009766,0.249173,0.142348,13.9171,0.348002,0.153448,13.7267,0.312132,0.08704992,0.82962111,0.14291717,0.14234777,0.61254548,0.59359127,0.04131714,0.04255217,0.00566046,0.00656032,0.06431273,0.06405649,0.18376365,0.17807739,0.00619757,0.00638283,0.00056605,0.00065603,0.25483999,0.00000000,0.00000000,0.00000000,0.00000000,0.00000000,0.00000000,0.00000000,0.00000000,0.00000000
16,0.00009460,0.244601,0.140565,14.1659,0.337712,40,0,0.35760527,65536.0,0.08782501,0.10009766,0.247225,0.140446,13.9477,0.351373,0.151460,13.7773,0.314689,0.08749649,0.83529332,0.14056546,0.14044561,0.58228604,0.58982591,0.04046267,0.04281540,0.00591400,0.00654780,0.06325446,0.06320052,0.17468582,0.17694778,0.00606940,0.00642231,0.00059140,0.00065478,0.24460108,0.00000000,0.00000000,0.00000000,0.00000000,0.00000000,0.00000000,0.00000000,0.00000000,0.00000000
17,0.00009388,0.239594,0.134360,14.5290,0.342633,40,0,0.40934318,65536.0,0.08862152,0.10009766,0.244678,0.140231,14.0550,0.353234,0.151685,13.8436,0.316301,0.08752543,0.83416564,0.13436020,0.14023056,0.57444349,0.58207028,0.04079963,0.04275165,0.00678998,0.00540568,0.06046209,0.06310375,0.17233305,0.17462109,0.00611994,0.00641275,0.00067900,0.00054057,0.23959408,0.00000000,0.00000000,0.00000000,0.00000000,0.00000000,0.00000000,0.00000000,0.00000000,0.00000000
18,0.00009311,0.247950,0.139305,14.1882,0.323691,40,0,0.37118366,65536.0,0.08897247,0.10009766,0.239104,0.136286,14.3155,0.361870,0.147995,14.0470,0.324787,0.08598796,0.84378512,0.13930467,0.13628605,0.59523012,0.56944242,0.04077036,0.04251226,0.00578323,0.00565463,0.06268710,0.06132872,0.17856904,0.17083273,0.00611555,0.00637684,0.00057832,0.00056546,0.24795002,0.00000000,0.00000000,0.00000000,0.00000000,0.00000000,0.00000000,0.00000000,0.00000000,0.00000000
19,0.00009229,0.243372,0.140091,14.2411,0.340927,40,0,0.41383402,65536.0,0.08895416,0.10009766,0.242013,0.139061,14.0852,0.358913,0.150716,13.8514,0.323054,0.08520769,0.84170154,0.14009098,0.13906061,0.57859228,0.57466949,0.04057569,0.04205303,0.00666797,0.00727350,0.06304094,0.06257727,0.17357769,0.17240085,0.00608635,0.00630796,0.00066680,0.00072735,0.24337178,0.00000000,0.00000000,0.00000000,0.00000000,0.00000000,0.00000000,0.00000000,0.00000000,0.00000000
20,0.00009144,0.245184,0.139353,14.3078,0.331775,40,0,0.40854590,65536.0,0.09007874,0.10009766,0.239840,0.138298,14.0769,0.364462,0.149659,13.8895,0.329377,0.08536120,0.83319283,0.13935295,0.13829826,0.58710048,0.56828065,0.03929631,0.04240118,0.00451076,0.00761868,0.06270882,0.06223422,0.17613015,0.17048420,0.00589445,0.00636018,0.00045108,0.00076187,0.24518450,0.00000000,0.00000000,0.00000000,0.00000000,0.00000000,0.00000000,0.00000000,0.00000000,0.00000000
21,0.00009055,0.600025,0.131233,14.6292,0.339132,40,0,0.65547863,65536.0,0.09065094,0.10009766,0.241154,0.138224,14.1542,0.358411,0.149270,13.9839,0.322925,0.08457647,0.82056279,0.13123267,0.13822375,0.58020936,0.57346516,0.04026392,0.04173491,0.00588565,0.00653344,0.05905470,0.06220069,0.17406282,0.17203955,0.00603959,0.00626024,0.00058857,0.00065334,0.23974567,7.20559123,0.36027957,0.05000000,1.00000000,0.30000000,1.00000000,0.30002057,0.35218099,0.41246139
22,0.00008961,0.568148,0.142296,14.1433,0.339778,40,0,0.70645361,65536.0,0.08967133,0.10009766,0.247887,0.142340,13.9375,0.346744,0.154357,13.6724,0.309339,0.08473385,0.85894940,0.14229648,0.14234030,0.57986361,0.58940635,0.03969217,0.04186047,0.00636492,0.00733163,0.06403342,0.06405313,0.17395909,0.17682191,0.00595383,0.00627907,0.00063649,0.00073316,0.24458283,6.47130630,0.32356532,0.05000000,1.00000000,0.30000000,1.00000000,0.30002057,0.35996094,0.51974111
23,0.00008864,0.538325,0.134334,14.4199,0.352665,40,0,0.48860517,65536.0,0.08944855,0.10009766,0.238927,0.139619,14.0914,0.366142,0.151037,13.8823,0.331331,0.08403774,0.84277476,0.13433405,0.13961859,0.56486142,0.56387019,0.03970727,0.04172119,0.00684032,0.00679130,0.06045032,0.06282837,0.16945843,0.16916106,0.00595609,0.00625818,0.00068403,0.00067913,0.23654887,6.03552985,0.30177650,0.05000000,1.00000000,0.30000000,1.00000000,0.30002057,0.36080729,0.58593349
24,0.00008763,0.518201,0.133333,14.4998,0.375390,40,0,0.57232433,65536.0,0.08861694,0.10009766,0.230123,0.134607,14.2704,0.380871,0.145295,14.1095,0.348293,0.08268555,0.82279819,0.13333297,0.13460674,0.53337095,0.54192526,0.04009000,0.04139757,0.00650034,0.00763154,0.05999984,0.06057303,0.16001129,0.16257758,0.00601350,0.00620964,0.00065003,0.00076315,0.22667466,5.83051949,0.29152598,0.05000000,1.00000000,0.30000000,1.00000000,0.30002057,0.35413411,0.60973316
25,0.00008658,0.520075,0.133287,14.3277,0.372097,40,0,0.53592426,65536.0,0.08786774,0.10009766,0.229239,0.132352,14.4671,0.382554,0.143233,14.2508,0.351623,0.08289592,0.82992693,0.13328669,0.13235244,0.54492000,0.54227970,0.04009289,0.04178939,0.00736845,0.00728049,0.05997901,0.05955859,0.16347601,0.16268392,0.00601393,0.00626841,0.00073684,0.00072805,0.23020579,5.79738474,0.28986924,0.05000000,1.00000000,0.30000000,1.00000000,0.30002057,0.35820313,0.61889035
26,0.00008550,0.509859,0.134488,14.4714,0.371005,40,0,0.55733183,65536.0,0.08890228,0.10009766,0.229695,0.133959,14.3375,0.381987,0.145210,14.1110,0.349551,0.08221742,0.82434825,0.13448772,0.13395890,0.54115702,0.54138894,0.04012163,0.04137985,0.00691154,0.00789495,0.06051947,0.06028151,0.16234711,0.16241669,0.00601824,0.00620698,0.00069115,0.00078950,0.22957598,5.60565065,0.28028254,0.05000000,1.00000000,0.30000000,1.00000000,0.30002057,0.35621745,0.64120909
27,0.00008439,0.513314,0.134108,14.3161,0.355089,40,0,0.52354302,65536.0,0.08950348,0.10009766,0.235627,0.135526,14.4422,0.370948,0.146109,14.2626,0.338521,0.08576437,0.81016723,0.13410763,0.13552580,0.56799304,0.55849313,0.03862157,0.04239482,0.00710965,0.00733183,0.06034843,0.06098661,0.17039792,0.16754794,0.00579324,0.00635922,0.00071096,0.00073318,0.23725055,5.52126735,0.27606337,0.05000000,1.00000000,0.30000000,1.00000000,0.30002057,0.35397135,0.65552593
28,0.00008323,0.484589,0.124683,15.0093,0.402040,40,0,0.58044839,65536.0,0.08820343,0.10009766,0.231381,0.133705,14.4600,0.376592,0.144942,14.2055,0.344138,0.08291204,0.83091212,0.12468339,0.13370545,0.50760755,0.54767727,0.03823246,0.04160829,0.00658624,0.00668724,0.05610752,0.06016745,0.15228227,0.16430319,0.00573487,0.00624124,0.00065862,0.00066872,0.21478329,5.39611603,0.26980581,0.05000000,1.00000000,0.30000000,1.00000000,0.30002057,0.35501302,0.65361012
29,0.00008205,0.493537,0.131497,14.6599,0.391625,40,0,0.58021242,65536.0,0.08880615,0.10009766,0.224718,0.131936,14.3441,0.392394,0.143113,14.1295,0.361159,0.08065705,0.83231977,0.13149665,0.13193589,0.52465584,0.52800933,0.03789067,0.04088419,0.00534230,0.00811843,0.05917349,0.05937115,0.15739676,0.15840280,0.00568360,0.00613263,0.00053423,0.00081184,0.22278808,5.41497051,0.27074853,0.05000000,1.00000000,0.30000000,1.00000000,0.30002057,0.35611979,0.65595286
30,0.00008084,0.489936,0.131030,14.7268,0.385276,40,0,0.53044928,65536.0,0.08857727,0.10009766,0.223265,0.133407,14.3569,0.397783,0.144186,14.1810,0.367476,0.08119311,0.80912631,0.13102987,0.13340663,0.52895753,0.52056641,0.03911751,0.04117976,0.00583027,0.00885123,0.05896344,0.06003298,0.15868726,0.15616993,0.00586763,0.00617696,0.00058303,0.00088512,0.22410136,5.31669242,0.26583462,0.05000000,1.00000000,0.30000000,1.00000000,0.30002057,0.36155599,0.65988856
31,0.00007960,0.470126,0.124459,14.9342,0.419959,40,0,0.59769440,65536.0,0.08839264,0.10009766,0.223634,0.130863,14.4504,0.393504,0.141901,14.2389,0.362037,0.08134568,0.82408176,0.12445852,0.13086314,0.48594836,0.52619974,0.03858267,0.04089453,0.00653022,0.00751335,0.05600633,0.05888841,0.14578451,0.15785993,0.00578740,0.00613418,0.00065302,0.00075133,0.20823127,5.23789480,0.26189475,0.05000000,1.00000000,0.30000000,1.00000000,0.30002057,0.35504557,0.66651428
32,0.00007832,0.468152,0.124109,14.8256,0.427217,40,0,0.68268377,65536.0,0.08790741,0.10009766,0.229827,0.134216,14.2381,0.383107,0.145551,14.0240,0.350769,0.08132433,0.83233615,0.12410871,0.13421581,0.48479651,0.54164755,0.03657058,0.04085991,0.00590457,0.00806867,0.05584892,0.06039711,0.14543896,0.16249427,0.00548559,0.00612899,0.00059046,0.00080687,0.20736392,5.21575980,0.26078800,0.05000000,1.00000000,0.30000000,1.00000000,0.30002057,0.35677083,0.67640529
33,0.00007702,0.480302,0.130631,14.5119,0.406370,40,0,0.57940577,65536.0,0.08737488,0.10009766,0.223793,0.131153,14.5206,0.392871,0.142521,14.2544,0.361192,0.08075668,0.83845834,0.13063118,0.13115257,0.50756719,0.52655128,0.03895823,0.04074526,0.00738668,0.00697163,0.05878403,0.05901865,0.15227016,0.15796539,0.00584374,0.00611179,0.00073867,0.00069716,0.21763660,5.25331415,0.26266571,0.05000000,1.00000000,0.30000000,1.00000000,0.30002057,0.35524089,0.66690963
34,0.00007570,0.475048,0.132985,14.4917,0.424145,40,0,0.58163464,65536.0,0.08641357,0.10009766,0.213959,0.127108,14.6533,0.414786,0.138503,14.3866,0.384778,0.07787484,0.81496488,0.13298502,0.12710779,0.49017992,0.49997274,0.03777898,0.04002878,0.00676042,0.00764060,0.05984326,0.05719850,0.14705398,0.14999183,0.00566685,0.00600432,0.00067604,0.00076406,0.21324013,5.23615910,0.26180796,0.05000000,1.00000000,0.30000000,1.00000000,0.30002057,0.35940755,0.66739695
35,0.00007435,0.469649,0.129981,14.6390,0.417542,40,0,0.60722320,65536.0,0.08689728,0.10009766,0.216122,0.128056,14.7623,0.408819,0.139110,14.4925,0.378427,0.07944758,0.81993758,0.12998101,0.12805641,0.49805321,0.50590180,0.03832529,0.04053210,0.00760891,0.00645978,0.05849145,0.05762538,0.14941597,0.15177055,0.00574879,0.00607981,0.00076089,0.00064598,0.21441710,5.10463278,0.25523165,0.05000000,1.00000000,0.30000000,1.00000000,0.30002057,0.35403646,0.67960892
36,0.00007297,0.457154,0.125574,14.6705,0.427380,40,0,0.63772547,65536.0,0.08675232,0.10009766,0.216012,0.130336,14.4763,0.412779,0.141324,14.2711,0.382888,0.07775501,0.82068361,0.12557413,0.13033642,0.48286073,0.50209155,0.03870915,0.03993113,0.00709825,0.00742981,0.05650836,0.05865139,0.14485822,0.15062747,0.00580637,0.00598967,0.00070982,0.00074298,0.20788278,4.98543168,0.24927159,0.05000000,1.00000000,0.30000000,1.00000000,0.30002057,0.35595703,0.68613836
37,0.00007158,0.457081,0.124430,14.7796,0.429170,40,0,0.63405758,65536.0,0.08677979,0.10009766,0.213288,0.126586,14.8385,0.415113,0.136918,14.6455,0.387000,0.07955357,0.79930116,0.12443032,0.12658607,0.47797043,0.49841150,0.03824591,0.04061204,0.00660149,0.00708555,0.05599364,0.05696373,0.14339113,0.14952346,0.00573689,0.00609181,0.00066015,0.00070855,0.20578181,5.02597687,0.25129885,0.05000000,1.00000000,0.30000000,1.00000000,0.30002057,0.35260417,0.68517976
38,0.00007016,0.450043,0.120657,15.0446,0.445900,40,0,0.61915626,65536.0,0.08654785,0.10009766,0.218096,0.129959,14.5860,0.407373,0.141036,14.3648,0.376666,0.07967679,0.81221092,0.12065663,0.12995911,0.46717254,0.50946961,0.03683635,0.04029163,0.00603957,0.00729615,0.05429548,0.05848160,0.14015177,0.15284088,0.00552545,0.00604375,0.00060396,0.00072961,0.20057666,4.98933250,0.24946663,0.05000000,1.00000000,0.30000000,1.00000000,0.30002057,0.35595703,0.69090710
39,0.00006872,0.453220,0.127455,14.7339,0.429167,40,0,0.60191812,65536.0,0.08674622,0.10009766,0.212529,0.126287,14.9144,0.417000,0.136488,14.7134,0.388615,0.07996281,0.79013608,0.12745490,0.12628658,0.47971970,0.49668090,0.03872759,0.04040450,0.00712229,0.00635255,0.05735470,0.05682896,0.14391592,0.14900428,0.00580914,0.00606068,0.00071223,0.00063525,0.20779199,4.90855103,0.24542756,0.05000000,1.00000000,0.30000000,1.00000000,0.30002057,0.35924479,0.69219979
40,0.00006727,0.459435,0.124973,14.6864,0.427172,40,0,0.74430195,65536.0,0.08727722,0.10009766,0.213659,0.127912,14.7369,0.416109,0.138695,14.5272,0.386830,0.07868407,0.79924654,0.12497311,0.12791225,0.48814015,0.49792069,0.03735633,0.04005754,0.00753999,0.00713471,0.05623790,0.05756051,0.14644205,0.14937622,0.00560345,0.00600863,0.00075400,0.00071347,0.20903740,5.00795618,0.25039781,0.05000000,1.00000000,0.30000000,1.00000000,0.30002057,0.35611979,0.69097516
41,0.00006580,0.445773,0.119158,14.9839,0.447680,40,0,0.68926055,65536.0,0.08622589,0.10009766,0.215310,0.128259,14.6568,0.412617,0.139419,14.4059,0.383030,0.07874896,0.81069399,0.11915829,0.12825923,0.46673861,0.50274243,0.03635633,0.04021388,0.00715451,0.00738904,0.05362123,0.05771665,0.14002159,0.15082273,0.00545345,0.00603208,0.00071545,0.00073890,0.19981172,4.91922821,0.24596141,0.05000000,1.00000000,0.30000000,1.00000000,0.30002057,0.35410156,0.69455700
42,0.00006431,0.452521,0.125691,14.8671,0.428981,40,0,0.64147870,65536.0,0.08752747,0.10009766,0.215233,0.127752,14.6816,0.412833,0.139055,14.4066,0.382914,0.07789475,0.82214276,0.12569072,0.12775150,0.47895539,0.50356580,0.03822120,0.03983041,0.00628068,0.00700167,0.05656082,0.05748817,0.14368662,0.15106975,0.00573318,0.00597456,0.00062807,0.00070017,0.20660870,4.91824315,0.24591216,0.05000000,1.00000000,0.30000000,1.00000000,0.30002057,0.34947917,0.69136041
43,0.00006281,0.443754,0.118947,14.9704,0.444303,40,0,0.69738069,65536.0,0.08617249,0.10009766,0.217220,0.129320,14.6831,0.409877,0.140352,14.4598,0.380992,0.07960042,0.80068696,0.11894734,0.12931967,0.47350961,0.50733177,0.03600179,0.04043525,0.00673515,0.00761713,0.05352630,0.05819385,0.14205289,0.15219953,0.00540027,0.00606529,0.00067351,0.00076171,0.20165298,4.84201467,0.24210074,0.05000000,1.00000000,0.30000000,1.00000000,0.30002057,0.35361328,0.70386387
44,0.00006130,0.446616,0.123838,14.9188,0.443882,40,0,0.66285132,65536.0,0.08672485,0.10009766,0.209410,0.125134,14.8571,0.425175,0.135574,14.6553,0.397623,0.07793538,0.79501501,0.12383812,0.12513374,0.46690349,0.48794707,0.03727833,0.03985973,0.00753014,0.00736645,0.05572715,0.05631018,0.14007105,0.14638413,0.00559175,0.00597896,0.00075301,0.00073665,0.20214297,4.88946778,0.24447339,0.05000000,1.00000000,0.30000000,1.00000000,0.30002057,0.35139974,0.69631754
45,0.00005978,0.434543,0.118431,15.1500,0.453477,40,0,0.66885419,65536.0,0.08715668,0.10009766,0.208699,0.123525,14.9648,0.425060,0.134515,14.7073,0.396363,0.07748398,0.79599110,0.11843118,0.12352514,0.45554642,0.48830766,0.03761221,0.03967346,0.00728966,0.00669377,0.05329403,0.05558631,0.13666393,0.14649230,0.00564183,0.00595102,0.00072897,0.00066938,0.19632876,4.76429271,0.23821464,0.05000000,1.00000000,0.30000000,1.00000000,0.30002057,0.34713542,0.70527733
46,0.00005824,0.422742,0.113040,15.5545,0.470232,40,0,0.68295711,65536.0,0.08599701,0.10009766,0.210015,0.124745,14.8045,0.423348,0.135739,14.5505,0.394751,0.07657026,0.81148938,0.11303995,0.12474481,0.43819872,0.49090794,0.03658977,0.03932724,0.00679724,0.00708394,0.05086798,0.05613516,0.13145962,0.14727239,0.00548847,0.00589909,0.00067972,0.00070839,0.18849579,4.68491673,0.23424584,0.05000000,1.00000000,0.30000000,1.00000000,0.30002057,0.34882812,0.71062436
47,0.00005670,0.426985,0.119154,15.1358,0.471449,40,0,0.68589139,65536.0,0.08636627,0.10009766,0.208632,0.123915,14.9493,0.425852,0.134728,14.6693,0.398175,0.07681702,0.80885934,0.11915379,0.12391540,0.43820711,0.48770952,0.03741454,0.03943814,0.00657538,0.00641851,0.05361920,0.05576193,0.13146214,0.14631286,0.00561218,0.00591572,0.00065754,0.00064185,0.19135106,4.71268486,0.23563425,0.05000000,1.00000000,0.30000000,1.00000000,0.30002057,0.35410156,0.71290366
48,0.00005516,0.425223,0.117577,15.1375,0.468378,40,0,0.68184146,65536.0,0.08667450,0.10009766,0.207526,0.124180,14.9619,0.429268,0.135138,14.6973,0.400809,0.07637278,0.80048320,0.11757685,0.12417954,0.44480881,0.48344133,0.03582082,0.03961560,0.00547438,0.00670617,0.05290958,0.05588079,0.13344265,0.14503240,0.00537312,0.00594234,0.00054744,0.00067062,0.19227279,4.65901375,0.23295069,0.05000000,1.00000000,0.30000000,1.00000000,0.30002057,0.35032552,0.71208713
49,0.00005361,0.432411,0.123449,15.0552,0.455310,40,0,0.67284455,65536.0,0.08661346,0.10009766,0.206232,0.123630,15.0220,0.431997,0.134325,14.7695,0.405231,0.07710900,0.79052093,0.12344887,0.12362970,0.44880685,0.48004317,0.03773729,0.03975857,0.00626947,0.00621770,0.05555199,0.05563336,0.13464206,0.14401296,0.00566059,0.00596379,0.00062695,0.00062177,0.19648159,4.71858640,0.23592932,0.05000000,1.00000000,0.30000000,1.00000000,0.30002057,0.35393880,0.70491899
50,0.00005205,0.425760,0.118222,15.2865,0.460777,40,0,0.73809662,131072.0,0.08681793,0.10009766,0.207327,0.124617,14.9356,0.428900,0.135661,14.6674,0.401407,0.07800971,0.79429302,0.11822216,0.12461683,0.44602686,0.48180808,0.03744010,0.04001567,0.00605195,0.00704145,0.05319997,0.05607757,0.13380807,0.14454243,0.00561601,0.00600235,0.00060519,0.00070414,0.19322925,4.65060675,0.23253034,0.05000000,1.00000000,0.30000000,1.00000000,0.30002057,0.35266927,0.70645638
51,0.00005050,0.437338,0.120197,14.9980,0.453644,40,0,0.67017529,131072.0,0.08638611,0.10009766,0.206728,0.123263,14.9665,0.428766,0.133521,14.7667,0.401594,0.07884691,0.78787118,0.12019711,0.12326286,0.45767402,0.48164991,0.03696466,0.04010687,0.00682034,0.00748950,0.05408870,0.05546829,0.13730221,0.14449498,0.00554470,0.00601603,0.00068203,0.00074895,0.19761765,4.79441286,0.23972065,0.05000000,1.00000000,0.30000000,1.00000000,0.30002057,0.35465495,0.69964257
52,0.00004895,0.413719,0.108947,15.5951,0.483096,40,0,0.70643845,131072.0,0.08626862,0.10009766,0.207588,0.123368,15.0238,0.428436,0.133583,14.8034,0.400702,0.07869243,0.79142921,0.10894730,0.12336793,0.42558729,0.48486225,0.03561182,0.03987357,0.00576007,0.00632592,0.04902628,0.05551557,0.12767619,0.14545868,0.00534177,0.00598104,0.00057601,0.00063259,0.18262026,4.62197686,0.23109885,0.05000000,1.00000000,0.30000000,1.00000000,0.30002057,0.35302734,0.71215755
53,0.00004739,0.437483,0.122823,15.1172,0.453580,40,0,0.67688376,131072.0,0.08830719,0.10009766,0.204688,0.121329,15.1478,0.432738,0.132550,14.8540,0.404759,0.07729677,0.79268118,0.12282303,0.12132927,0.45768634,0.47831492,0.03666421,0.03970943,0.00665029,0.00639232,0.05527036,0.05459817,0.13730591,0.14349448,0.00549963,0.00595641,0.00066503,0.00063923,0.19874093,4.77484920,0.23874246,0.05000000,1.00000000,0.30000000,1.00000000,0.30002057,0.35530599,0.69663861
54,0.00004584,0.416850,0.113813,15.4681,0.474729,40,0,0.70018567,131072.0,0.08658905,0.10009766,0.205299,0.120378,15.1204,0.430984,0.131371,14.8359,0.403175,0.07667928,0.79688679,0.11381335,0.12037774,0.43657937,0.48220267,0.03588201,0.03915548,0.00667469,0.00594717,0.05121601,0.05416998,0.13097382,0.14466081,0.00538230,0.00587332,0.00066747,0.00059472,0.18823959,4.57221674,0.22861084,0.05000000,1.00000000,0.30000000,1.00000000,0.30002057,0.35240885,0.71610246
55,0.00004430,0.411370,0.113884,15.6055,0.485843,40,0,0.68176983,131072.0,0.08608856,0.10009766,0.204136,0.121244,15.1193,0.435070,0.132028,14.8442,0.407888,0.07688829,0.79705996,0.11388391,0.12124363,0.41894918,0.47681940,0.03651347,0.03941480,0.00597782,0.00618588,0.05124776,0.05455963,0.12568476,0.14304582,0.00547702,0.00591222,0.00059778,0.00061859,0.18300732,4.56725727,0.22836287,0.05000000,1.00000000,0.30000000,1.00000000,0.30002057,0.35058594,0.71663195
56,0.00004276,0.411644,0.110935,15.6884,0.483174,40,0,0.70433861,131072.0,0.08727570,0.10009766,0.204418,0.120526,15.1511,0.434155,0.130901,14.9112,0.407480,0.07664288,0.78934913,0.11093465,0.12052586,0.42906871,0.47899538,0.03544750,0.03920040,0.00594711,0.00602873,0.04992059,0.05423664,0.12872062,0.14369862,0.00531712,0.00588006,0.00059471,0.00060287,0.18455304,4.54181230,0.22709062,0.05000000,1.00000000,0.30000000,1.00000000,0.30002057,0.35341797,0.71534686
57,0.00004122,0.419791,0.120966,15.3376,0.472964,40,0,0.67863312,131072.0,0.08661499,0.10009766,0.204066,0.120785,15.1657,0.434368,0.131879,14.8771,0.406312,0.07761949,0.79277533,0.12096563,0.12078505,0.43423295,0.47726406,0.03675094,0.03965143,0.00563215,0.00585629,0.05443453,0.05435327,0.13026989,0.14317922,0.00551264,0.00594772,0.00056322,0.00058563,0.19078028,4.58021421,0.22901071,0.05000000,1.00000000,0.30000000,1.00000000,0.30002057,0.35455729,0.70880025
58,0.00003970,0.422984,0.119850,15.0926,0.466462,40,0,0.71746132,131072.0,0.08656311,0.10009766,0.207492,0.123148,14.9416,0.430318,0.134369,14.6466,0.402737,0.07653065,0.80004332,0.11985048,0.12314828,0.44347782,0.48514853,0.03703683,0.03913753,0.00597517,0.00660283,0.05393272,0.05541672,0.13304335,0.14554457,0.00555552,0.00587063,0.00059752,0.00066028,0.19312911,4.59709916,0.22985496,0.05000000,1.00000000,0.30000000,1.00000000,0.30002057,0.35530599,0.70685039
59,0.00003819,0.423089,0.117149,15.1735,0.466831,40,0,0.68302973,131072.0,0.08692627,0.10009766,0.201022,0.119877,15.1483,0.442884,0.131012,14.8548,0.416232,0.07604521,0.79154423,0.11714919,0.11987712,0.44531517,0.46858159,0.03643697,0.03919058,0.00646883,0.00623797,0.05271713,0.05394470,0.13359456,0.14057448,0.00546555,0.00587859,0.00064688,0.00062380,0.19242412,4.61329640,0.23066483,0.05000000,1.00000000,0.30000000,1.00000000,0.30002057,0.35338542,0.70962745
60,0.00003669,0.405557,0.109391,15.5784,0.496843,40,0,0.67845518,131072.0,0.08562012,0.10009766,0.204563,0.121137,15.0818,0.433951,0.132965,14.7216,0.405060,0.07638222,0.80766321,0.10939112,0.12113724,0.41428779,0.47864506,0.03554097,0.03912692,0.00667268,0.00589050,0.04922600,0.05451176,0.12428634,0.14359352,0.00533114,0.00586904,0.00066727,0.00058905,0.17951076,4.52092423,0.22604622,0.05000000,1.00000000,0.30000000,1.00000000,0.30002057,0.35091146,0.72043215
61,0.00003520,0.414059,0.113338,15.4519,0.475468,40,0,0.76315022,131072.0,0.08619537,0.10009766,0.202608,0.119694,15.2463,0.437014,0.131150,14.8998,0.408445,0.07686507,0.79553752,0.11333756,0.11969377,0.43197199,0.47434277,0.03677804,0.03915888,0.00545008,0.00568893,0.05100190,0.05386219,0.12959160,0.14230284,0.00551671,0.00587383,0.00054501,0.00056889,0.18665522,4.54807863,0.22740393,0.05000000,2.00000000,0.20000000,1.00000000,0.20000694,0.24811198,0.71366854
62,0.00003373,0.410336,0.111585,15.5818,0.486680,40,0,0.75244773,131072.0,0.08656464,0.10009766,0.202022,0.119145,15.2499,0.437784,0.130682,14.8843,0.409134,0.07698458,0.80409183,0.11158534,0.11914513,0.42387202,0.47318736,0.03569696,0.03933824,0.00690661,0.00549314,0.05021340,0.05361531,0.12716161,0.14195621,0.00535454,0.00590074,0.00069066,0.00054931,0.18342022,4.53831468,0.22691574,0.05000000,2.00000000,0.20000000,1.00000000,0.20000694,0.24869792,0.71523412
63,0.00003228,0.408238,0.113340,15.5125,0.484905,40,0,0.76644549,131072.0,0.08552246,0.10009766,0.203072,0.121368,15.1129,0.437408,0.132768,14.8098,0.410688,0.07748249,0.78737588,0.11333999,0.12136849,0.41947421,0.47277765,0.03714679,0.03969248,0.00623211,0.00668802,0.05100299,0.05461582,0.12584227,0.14183330,0.00557202,0.00595387,0.00062321,0.00066880,0.18304049,4.50395845,0.22519793,0.05000000,2.00000000,0.20000000,1.00000000,0.20000694,0.24544271,0.71418363
64,0.00003084,0.409226,0.110954,15.5812,0.486603,40,0,0.73561294,131072.0,0.08538361,0.10009766,0.203759,0.122110,15.0420,0.438049,0.133353,14.7502,0.410553,0.07643513,0.79723639,0.11095432,0.12210969,0.42252748,0.47432490,0.03631220,0.03928545,0.00587918,0.00619326,0.04992944,0.05494936,0.12675825,0.14229748,0.00544683,0.00589282,0.00058792,0.00061933,0.18272244,4.53007222,0.22650361,0.05000000,2.00000000,0.20000000,1.00000000,0.20000694,0.24316406,0.71739248
65,0.00002942,0.415275,0.112712,15.4542,0.470334,40,0,0.76347962,131072.0,0.08608551,0.10009766,0.203071,0.119893,15.1528,0.436067,0.131827,14.7815,0.407091,0.07676952,0.80694675,0.11271244,0.11989322,0.43793038,0.47553862,0.03662245,0.03922946,0.00674376,0.00572877,0.05072059,0.05395195,0.13137912,0.14266159,0.00549337,0.00588442,0.00067438,0.00057288,0.18826746,4.54015621,0.22700781,0.05000000,2.00000000,0.20000000,1.00000000,0.20000694,0.24541016,0.71320849
66,0.00002803,0.410674,0.118642,15.2707,0.487068,40,0,0.63620840,131072.0,0.08585968,0.10009766,0.200641,0.119147,15.2889,0.442283,0.130452,14.9499,0.415406,0.07685384,0.79076509,0.11864204,0.11914673,0.42142854,0.46865953,0.03694202,0.03925461,0.00606886,0.00539203,0.05338892,0.05361603,0.12642857,0.14059786,0.00554130,0.00588819,0.00060689,0.00053920,0.18596567,4.49416327,0.22470817,0.05000000,2.00000000,0.20000000,1.00000000,0.20000694,0.24153646,0.71480896
67,0.00002665,0.422271,0.121276,15.0724,0.468177,40,0,0.73550576,131072.0,0.08654022,0.10009766,0.199676,0.117886,15.2929,0.443126,0.129932,14.9072,0.414458,0.07591936,0.80360417,0.12127624,0.11788581,0.44556850,0.46741365,0.03642888,0.03901428,0.00711729,0.00551404,0.05457431,0.05304861,0.13367055,0.14022410,0.00546433,0.00585214,0.00071173,0.00055140,0.19442092,4.55699203,0.22784960,0.05000000,2.00000000,0.20000000,1.00000000,0.20000694,0.24807943,0.70737475
68,0.00002530,0.399105,0.109427,15.6820,0.494277,40,0,0.71348567,131072.0,0.08529663,0.10009766,0.200422,0.118952,15.2209,0.442953,0.130669,14.8845,0.414507,0.07731619,0.78596610,0.10942659,0.11895169,0.41345390,0.46792916,0.03588257,0.03941856,0.00633436,0.00602627,0.04924196,0.05352826,0.12403618,0.14037875,0.00538239,0.00591278,0.00063344,0.00060263,0.17929396,4.39622336,0.21981117,0.05000000,2.00000000,0.20000000,1.00000000,0.20000694,0.24573568,0.72085954
69,0.00002398,0.416222,0.116508,15.3169,0.482750,40,0,0.78303315,131072.0,0.08590698,0.10009766,0.197658,0.116896,15.3635,0.447395,0.128753,14.9831,0.419233,0.07641961,0.79106218,0.11650836,0.11689577,0.43926064,0.46213083,0.03328559,0.03912844,0.00661730,0.00546212,0.05242876,0.05260310,0.13177820,0.13863925,0.00499284,0.00586927,0.00066173,0.00054621,0.18986153,4.52720889,0.22636045,0.05000000,2.00000000,0.20000000,1.00000000,0.20000694,0.24902344,0.71145762
70,0.00002268,0.396769,0.104856,15.9371,0.501270,40,0,0.73986714,131072.0,0.08526764,0.10009766,0.197697,0.117527,15.3770,0.448659,0.128784,15.0445,0.421506,0.07645826,0.78339813,0.10485581,0.11752679,0.40657090,0.46114253,0.03532411,0.03928342,0.00540831,0.00575039,0.04718511,0.05288705,0.12197127,0.13834276,0.00529862,0.00589251,0.00054083,0.00057504,0.17499583,4.43545332,0.22177267,0.05000000,2.00000000,0.20000000,1.00000000,0.20000694,0.24638672,0.71937571
71,0.00002140,0.410128,0.114829,15.3155,0.484273,40,0,0.74738886,131072.0,0.08552704,0.10009766,0.197703,0.117445,15.3706,0.448964,0.128856,15.0236,0.421555,0.07630562,0.78625408,0.11482892,0.11744547,0.42625047,0.46146443,0.03673865,0.03909310,0.00666727,0.00549221,0.05167301,0.05285046,0.12787515,0.13843934,0.00551080,0.00586397,0.00066673,0.00054922,0.18572568,4.48803965,0.22440199,0.05000000,2.00000000,0.20000000,1.00000000,0.20000694,0.24697266,0.71322712
72,0.00002016,0.395527,0.104802,16.0261,0.501483,40,0,0.72092573,131072.0,0.08539124,0.10009766,0.198453,0.116880,15.3631,0.446219,0.128800,14.9726,0.417431,0.07635333,0.79469455,0.10480225,0.11688005,0.40662112,0.46478847,0.03554899,0.03902407,0.00525520,0.00567088,0.04716101,0.05259602,0.12198634,0.13943655,0.00533235,0.00585361,0.00052552,0.00056709,0.17500522,4.41043770,0.22052189,0.05000000,2.00000000,0.20000000,1.00000000,0.20000694,0.24358724,0.72045946
73,0.00001895,0.405226,0.115222,15.3704,0.489881,40,0,0.67823264,131072.0,0.08592224,0.10009766,0.198089,0.117425,15.3096,0.447549,0.129542,14.9046,0.418833,0.07549634,0.80139048,0.11522184,0.11742486,0.41904418,0.46287052,0.03670789,0.03875885,0.00575228,0.00572610,0.05184983,0.05284118,0.12571326,0.13886116,0.00550618,0.00581383,0.00057523,0.00057261,0.18364450,4.43163006,0.22158151,0.05000000,2.00000000,0.20000000,1.00000000,0.20000694,0.24453125,0.72070405
74,0.00001777,0.413965,0.114019,15.5239,0.478148,40,0,0.79622808,131072.0,0.08660126,0.10009766,0.197091,0.117398,15.3665,0.449316,0.129393,14.9834,0.420702,0.07653726,0.79048093,0.11401857,0.11739848,0.43363622,0.45942260,0.03575139,0.03920576,0.00564495,0.00553979,0.05130836,0.05282932,0.13009087,0.13782678,0.00536271,0.00588086,0.00056450,0.00055398,0.18732643,4.53276620,0.22663831,0.05000000,2.00000000,0.20000000,1.00000000,0.20000694,0.24554036,0.71239831
75,0.00001661,0.414519,0.116867,15.3316,0.467766,40,0,0.73739747,131072.0,0.08725281,0.10009766,0.199209,0.117885,15.3307,0.444425,0.129995,14.9383,0.414767,0.07663001,0.79271565,0.11686735,0.11788463,0.44167158,0.46586550,0.03623220,0.03903577,0.00629973,0.00546111,0.05259030,0.05304808,0.13250148,0.13975966,0.00543483,0.00585537,0.00062997,0.00054611,0.19115659,4.46724111,0.22336206,0.05000000,2.00000000,0.20000000,1.00000000,0.20000694,0.24866536,0.71308035
76,0.00001550,0.394870,0.107028,15.8898,0.502179,40,0,0.71636189,131072.0,0.08753357,0.10009766,0.198191,0.117980,15.2953,0.448333,0.130282,14.8882,0.419148,0.07586899,0.79578650,0.10702842,0.11798049,0.40471130,0.46237802,0.03515547,0.03888048,0.00514964,0.00554470,0.04816279,0.05309122,0.12141339,0.13871341,0.00527332,0.00583207,0.00051496,0.00055447,0.17536447,4.39011449,0.21950573,0.05000000,2.00000000,0.20000000,1.00000000,0.20000694,0.24762370,0.72247283
77,0.00001442,0.409209,0.115146,15.3327,0.483670,40,0,0.79535092,131072.0,0.08699799,0.10009766,0.195820,0.116677,15.3852,0.453112,0.128755,14.9879,0.424437,0.07577256,0.79500076,0.11514556,0.11667668,0.42606085,0.45645043,0.03659154,0.03896474,0.00632894,0.00535610,0.05181550,0.05250450,0.12781826,0.13693513,0.00548873,0.00584471,0.00063289,0.00053561,0.18575539,4.46907079,0.22345354,0.05000000,2.00000000,0.20000000,1.00000000,0.20000694,0.24957682,0.71244131
78,0.00001337,0.398992,0.110667,15.5307,0.497684,40,0,0.71625628,131072.0,0.08469696,0.10009766,0.196619,0.116649,15.3823,0.450984,0.128713,14.9906,0.421965,0.07576298,0.79418201,0.11066747,0.11664921,0.41162530,0.45915885,0.03652397,0.03878700,0.00585283,0.00560697,0.04980036,0.05249214,0.12348760,0.13774766,0.00547860,0.00581805,0.00058528,0.00056070,0.17935184,4.39279841,0.21963992,0.05000000,2.00000000,0.20000000,1.00000000,0.20000694,0.24707031,0.72167067
79,0.00001236,0.395954,0.110242,15.6123,0.506621,40,0,0.75770795,131072.0,0.08632813,0.10009766,0.196108,0.116969,15.3220,0.452743,0.129165,14.9415,0.423847,0.07574927,0.78962293,0.11024232,0.11696942,0.40781576,0.45685582,0.03447747,0.03892037,0.00565277,0.00577345,0.04960904,0.05263624,0.12234473,0.13705675,0.00517162,0.00583806,0.00056528,0.00057735,0.17769067,4.36527633,0.21826382,0.05000000,2.00000000,0.20000000,1.00000000,0.20000694,0.24661458,0.72361585
80,0.00001139,0.409975,0.115047,15.3928,0.473781,40,0,0.68255993,131072.0,0.08684540,0.10009766,0.196219,0.117243,15.3506,0.452923,0.129389,14.9613,0.424317,0.07552177,0.79118305,0.11504734,0.11724252,0.43125650,0.45691053,0.03675271,0.03881338,0.00617767,0.00564650,0.05177130,0.05275913,0.12937696,0.13707317,0.00551291,0.00582201,0.00061777,0.00056465,0.18727893,4.45392416,0.22269621,0.05000000,2.00000000,0.20000000,1.00000000,0.20000694,0.24615885,0.71690994
81,0.00001045,0.386715,0.103887,16.0118,0.502942,40,0,0.76222783,131072.0,0.08599701,0.10009766,0.197052,0.116989,15.3629,0.450061,0.129263,14.9607,0.420642,0.07604283,0.79224639,0.10388721,0.11698881,0.40039973,0.46006721,0.03627868,0.03890019,0.00476334,0.00552075,0.04674924,0.05264496,0.12011992,0.13802017,0.00544180,0.00583503,0.00047633,0.00055207,0.17278730,4.27854568,0.21392729,0.05000000,2.00000000,0.20000000,1.00000000,0.20000694,0.24378255,0.72876540
82,0.00000956,0.397112,0.108563,15.8637,0.493980,40,0,0.73167443,131072.0,0.08621368,0.10009766,0.196745,0.116956,15.3428,0.451421,0.129060,14.9571,0.422699,0.07574783,0.79196028,0.10856315,0.11695591,0.41429439,0.45911238,0.03560588,0.03881073,0.00588514,0.00559413,0.04885341,0.05263016,0.12428832,0.13773372,0.00534088,0.00582161,0.00058851,0.00055941,0.17907113,4.36082433,0.21804122,0.05000000,2.00000000,0.20000000,1.00000000,0.20000694,0.24306641,0.71965472
83,0.00000871,0.394288,0.106348,15.7968,0.498950,40,0,0.74663655,131072.0,0.08682098,0.10009766,0.195178,0.116268,15.4381,0.454189,0.128262,15.0543,0.425835,0.07629749,0.78524478,0.10634791,0.11626824,0.40577906,0.45484754,0.03597219,0.03909996,0.00478435,0.00537793,0.04785656,0.05232071,0.12173372,0.13645427,0.00539583,0.00586499,0.00047844,0.00053779,0.17546454,4.37646545,0.21882328,0.05000000,2.00000000,0.20000000,1.00000000,0.20000694,0.24794922,0.72355299
84,0.00000789,0.401740,0.110080,15.6312,0.489548,40,0,0.72243245,131072.0,0.08543243,0.10009766,0.196127,0.116410,15.3835,0.451918,0.128850,14.9640,0.422229,0.07599417,0.79594729,0.11007975,0.11640966,0.42123532,0.45791418,0.03577103,0.03889669,0.00641316,0.00534223,0.04953589,0.05238435,0.12637060,0.13737426,0.00536566,0.00583450,0.00064132,0.00053422,0.18191346,4.39653101,0.21982655,0.05000000,2.00000000,0.20000000,1.00000000,0.20000694,0.24599609,0.71944541
85,0.00000712,0.394401,0.105990,15.8478,0.503527,40,0,0.79618345,131072.0,0.08573303,0.10009766,0.195834,0.116212,15.4496,0.452164,0.128372,15.0481,0.422882,0.07624887,0.78704309,0.10599048,0.11621214,0.40656947,0.45721766,0.03467198,0.03895007,0.00486263,0.00531130,0.04769571,0.05229546,0.12197085,0.13716530,0.00520080,0.00584251,0.00048626,0.00053113,0.17535362,4.38095425,0.21904772,0.05000000,2.00000000,0.20000000,1.00000000,0.20000694,0.24169922,0.72367170
86,0.00000640,0.395156,0.109448,15.7374,0.506569,40,0,0.76851527,131072.0,0.08564758,0.10009766,0.195265,0.115575,15.4577,0.453284,0.127722,15.0571,0.424090,0.07595234,0.78667774,0.10944754,0.11557530,0.40508066,0.45634193,0.03525366,0.03885777,0.00566123,0.00524870,0.04925139,0.05200888,0.12152420,0.13690258,0.00528805,0.00582867,0.00056612,0.00052487,0.17662977,4.37052996,0.21852650,0.05000000,2.00000000,0.20000000,1.00000000,0.20000694,0.24261068,0.72148614
87,0.00000571,0.406165,0.115153,15.3781,0.491091,40,0,0.73543828,131072.0,0.08599243,0.10009766,0.195096,0.115594,15.4549,0.453732,0.127704,15.0553,0.424607,0.07578330,0.78717115,0.11515251,0.11559368,0.42332549,0.45573053,0.03519493,0.03883997,0.00587882,0.00533503,0.05181863,0.05201715,0.12699765,0.13671916,0.00527924,0.00582600,0.00058788,0.00053350,0.18468340,4.42963905,0.22148195,0.05000000,2.00000000,0.20000000,1.00000000,0.20000694,0.24726562,0.71546286
88,0.00000507,0.386117,0.102043,16.0971,0.514858,40,0,0.78498374,131072.0,0.08515015,0.10009766,0.194675,0.115462,15.4474,0.454940,0.127661,15.0438,0.425780,0.07558127,0.78788137,0.10204327,0.11546243,0.39484632,0.45452593,0.03505876,0.03883339,0.00537533,0.00533830,0.04591947,0.05195809,0.11845390,0.13635778,0.00525881,0.00582501,0.00053753,0.00053383,0.17016972,4.31894571,0.21594729,0.05000000,2.00000000,0.20000000,1.00000000,0.20000694,0.24166667,0.72707172
89,0.00000448,0.403183,0.113985,15.4505,0.489415,40,0,0.73656955,131072.0,0.08642273,0.10009766,0.194259,0.115390,15.4723,0.455777,0.127509,15.0708,0.426801,0.07589809,0.78810541,0.11398532,0.11538955,0.41964371,0.45322765,0.03636726,0.03895790,0.00583079,0.00521777,0.05129339,0.05192529,0.12589312,0.13596830,0.00545509,0.00584369,0.00058308,0.00052178,0.18322468,4.39917364,0.21995869,0.05000000,2.00000000,0.20000000,1.00000000,0.20000694,0.24947917,0.71886198
90,0.00000393,0.402815,0.112960,15.6079,0.477824,40,0,0.72852920,131072.0,0.08716278,0.10009766,0.194513,0.115438,15.4759,0.455115,0.127467,15.0793,0.426214,0.07590806,0.78770112,0.11296020,0.11543791,0.42289510,0.45402095,0.03832538,0.03893439,0.00531901,0.00519326,0.05083209,0.05194706,0.12686854,0.13620629,0.00574881,0.00584016,0.00053190,0.00051933,0.18398133,4.37668089,0.21883405,0.05000000,2.00000000,0.20000000,1.00000000,0.20000694,0.24941406,0.71527057
91,0.00000342,0.402321,0.109309,15.6499,0.486975,40,0,0.74662647,131072.0,0.08618317,0.10009766,0.194754,0.115797,15.4353,0.454861,0.127918,15.0364,0.425988,0.07583167,0.78938995,0.10930921,0.11579710,0.42176396,0.45427764,0.03643226,0.03891560,0.00597580,0.00525111,0.04918914,0.05210869,0.12652919,0.13628330,0.00546484,0.00583734,0.00059758,0.00052511,0.18178076,4.41080226,0.22054012,0.05000000,2.00000000,0.20000000,1.00000000,0.20000694,0.24248047,0.71896431
92,0.00000297,0.394787,0.108719,15.7379,0.500185,40,0,0.74885842,131072.0,0.08729553,0.10009766,0.194604,0.115533,15.4539,0.454976,0.127563,15.0587,0.426236,0.07583879,0.78772183,0.10871863,0.11553325,0.40666919,0.45416702,0.03626163,0.03889445,0.00638823,0.00529698,0.04892338,0.05198996,0.12200076,0.13625011,0.00543924,0.00583417,0.00063882,0.00052970,0.17700221,4.35569680,0.21778484,0.05000000,2.00000000,0.20000000,1.00000000,0.20000694,0.24863281,0.71930524
93,0.00000256,0.400257,0.109329,15.5993,0.492537,40,0,0.70351102,131072.0,0.08575592,0.10009766,0.194890,0.115771,15.4309,0.454700,0.127877,15.0332,0.425844,0.07584074,0.78910241,0.10932939,0.11577122,0.41883345,0.45476080,0.03556592,0.03888938,0.00593957,0.00531149,0.04919823,0.05209705,0.12565004,0.13642824,0.00533489,0.00583341,0.00059396,0.00053115,0.18077711,4.38959473,0.21947974,0.05000000,2.00000000,0.20000000,1.00000000,0.20000694,0.24599609,0.71941137
94,0.00000219,0.397194,0.108555,15.7465,0.495609,40,0,0.76128961,131072.0,0.08727875,0.10009766,0.194531,0.115666,15.4309,0.455703,0.127746,15.0378,0.427015,0.07565647,0.78846563,0.10855484,0.11566618,0.41132873,0.45372106,0.03577474,0.03885280,0.00588475,0.00537130,0.04884967,0.05204978,0.12339862,0.13611632,0.00536621,0.00582792,0.00058848,0.00053713,0.17820298,4.37981487,0.21899075,0.05000000,2.00000000,0.20000000,1.00000000,0.20000694,0.24397786,0.71910357
95,0.00000188,0.392185,0.106750,15.8292,0.496793,40,0,0.72278436,131072.0,0.08549652,0.10009766,0.194758,0.115668,15.4275,0.455161,0.127818,15.0284,0.426276,0.07570495,0.78959182,0.10675026,0.11566803,0.41052912,0.45450509,0.03622094,0.03883660,0.00520463,0.00530702,0.04803762,0.05205061,0.12315874,0.13635153,0.00543314,0.00582549,0.00052046,0.00053070,0.17714996,4.30070561,0.21503528,0.05000000,2.00000000,0.20000000,1.00000000,0.20000694,0.24169922,0.72384129
96,0.00000161,0.397731,0.108358,15.7763,0.492589,40,0,0.74769419,131072.0,0.08724976,0.10009766,0.194277,0.115645,15.4369,0.456453,0.127731,15.0447,0.427883,0.07561250,0.78742840,0.10835798,0.11564541,0.41196088,0.45290834,0.03761113,0.03885745,0.00482307,0.00535638,0.04876109,0.05204043,0.12358827,0.13587251,0.00564167,0.00582862,0.00048231,0.00053564,0.17847334,4.38514882,0.21925744,0.05000000,2.00000000,0.20000000,1.00000000,0.20000694,0.24215495,0.71823886
97,0.00000139,0.391496,0.110185,15.8004,0.497597,40,0,0.77393055,131072.0,0.08609619,0.10009766,0.194260,0.115614,15.4393,0.456495,0.127687,15.0474,0.427898,0.07562805,0.78731246,0.11018545,0.11561382,0.40432023,0.45289662,0.03637802,0.03885679,0.00488175,0.00536214,0.04958345,0.05202622,0.12129607,0.13586899,0.00545670,0.00582852,0.00048818,0.00053621,0.17682440,4.29343961,0.21467198,0.05000000,2.00000000,0.20000000,1.00000000,0.20000694,0.24391276,0.72606678
98,0.00000122,0.383768,0.102494,16.2801,0.514170,40,0,0.89898691,131072.0,0.08603973,0.10009766,0.194571,0.115681,15.4397,0.455627,0.127749,15.0483,0.426937,0.07581704,0.78663456,0.10249425,0.11568085,0.38907506,0.45381511,0.03540170,0.03889007,0.00516035,0.00536338,0.04612241,0.05205638,0.11672252,0.13614454,0.00531026,0.00583351,0.00051604,0.00053634,0.16867122,4.30193825,0.21509691,0.05000000,2.00000000,0.20000000,1.00000000,0.20000694,0.24134115,0.72650678
99,0.00000110,0.391352,0.109836,15.8212,0.508151,40,0,0.71987647,131072.0,0.08664398,0.10009766,0.194646,0.115729,15.4324,0.455582,0.127811,15.0396,0.426876,0.07572185,0.78768200,0.10983553,0.11572889,0.40335182,0.45400388,0.03465300,0.03885791,0.00535197,0.00537651,0.04942599,0.05207800,0.12100555,0.13620117,0.00519795,0.00582869,0.00053520,0.00053765,0.17616468,4.30374193,0.21518710,0.05000000,2.00000000,0.20000000,1.00000000,0.20000694,0.24101562,0.72391115
100,0.00000102,0.393408,0.107784,15.7387,0.501548,40,0,0.75573335,262144.0,0.08721313,0.10009766,0.194614,0.115764,15.4281,0.455688,0.127874,15.0346,0.426949,0.07569005,0.78786066,0.10778393,0.11576363,0.40343028,0.45384531,0.03647330,0.03885714,0.00591416,0.00538032,0.04850277,0.05209363,0.12102909,0.13615360,0.00547100,0.00582857,0.00059142,0.00053803,0.17559427,4.35627000,0.21781350,0.05000000,2.00000000,0.20000000,1.00000000,0.20000694,0.24293620,0.72156763
