epoch,lr,train_loss,train_mae,train_psnr,train_ssim,train_optimizer_steps,train_skipped_optimizer_steps,train_grad_norm,train_amp_scale,val_loss,val_mae,val_psnr,val_ssim,val_foreground_mae,val_foreground_psnr,val_foreground_ssim,val_gradient_mae,val_hfen,train_rec_l1,val_rec_l1,train_rec_ms_ssim,val_rec_ms_ssim,train_rec_edge,val_rec_edge,train_rec_frequency,val_rec_frequency,train_rec_weighted_l1,val_rec_weighted_l1,train_rec_weighted_ms_ssim,val_rec_weighted_ms_ssim,train_rec_weighted_edge,val_rec_weighted_edge,train_rec_weighted_frequency,val_rec_weighted_frequency,train_rec_loss,train_medrecl_loss,train_medrecl_weighted_loss,train_medrecl_weight,train_medrecl_structure_weight,train_medrecl_appearance_weight,train_medrecl_structure_gradient_scale,train_medrecl_appearance_gradient_scale,train_medrecl_structure_gradient_ratio,train_medrecl_appearance_gradient_ratio,train_medrecl_appearance_amplitude_loss,train_medrecl_appearance_contextual_loss,train_medrecl_appearance_stat_loss,train_medrecl_soft_positive_similarity,train_medrecl_false_negative_ratio,train_medrecl_invariance_loss
1,0.00010000,0.339739,0.248510,10.9041,0.197583,40,0,0.39278162,65536.0,0.306696,0.204402,11.8860,0.252317,0.209841,11.7945,0.275719,0.08943235,0.83203394,0.24851019,0.20440225,0.73135709,0.69288598,0.05413533,0.04427286,0.00381558,0.00207943,0.11182958,0.09198101,0.21940714,0.20786580,0.00812030,0.00664093,0.00038156,0.00020794,0.33973858,0.0000000000e+00,0.00000000,0.00000000,0.00000000,0.00000000,1.00000000,1.00000000,0.00000000,0.00000000,0.00000000,0.00000000,0.00000000,0.00000000,0.00000000,0.00000000
2,0.00009998,0.313619,0.219063,11.7916,0.234825,40,0,0.34783722,65536.0,0.301301,0.194901,12.2301,0.257222,0.198802,12.1729,0.281399,0.09117365,0.83520516,0.21906296,0.19490115,0.69141444,0.68908883,0.04786342,0.04442979,0.00436836,0.00204330,0.09857833,0.08770551,0.20742434,0.20672666,0.00717951,0.00666447,0.00043684,0.00020433,0.31361901,0.0000000000e+00,0.00000000,0.00000000,0.00000000,0.00000000,1.00000000,1.00000000,0.00000000,0.00000000,0.00000000,0.00000000,0.00000000,0.00000000,0.00000000,0.00000000
3,0.00009990,0.311001,0.216346,11.9702,0.241927,40,0,0.27783505,65536.0,0.297312,0.193086,12.2929,0.264483,0.197283,12.2050,0.289765,0.08843457,0.82908468,0.21634598,0.19308571,0.68768796,0.67893635,0.04650770,0.04333221,0.00362484,0.00242265,0.09735569,0.08688857,0.20630640,0.20368092,0.00697616,0.00649983,0.00036248,0.00024227,0.31100072,0.0000000000e+00,0.00000000,0.00000000,0.00000000,0.00000000,1.00000000,1.00000000,0.00000000,0.00000000,0.00000000,0.00000000,0.00000000,0.00000000,0.00000000,0.00000000
4,0.00009978,0.304164,0.202122,12.4422,0.237784,40,0,0.31633357,65536.0,0.294684,0.187244,12.5631,0.263540,0.190043,12.4981,0.289654,0.08837755,0.82725898,0.20212232,0.18724390,0.68670296,0.67894584,0.04597734,0.04327615,0.00301079,0.00249074,0.09095504,0.08425975,0.20601090,0.20368376,0.00689660,0.00649142,0.00030108,0.00024907,0.30416362,0.0000000000e+00,0.00000000,0.00000000,0.00000000,0.00000000,1.00000000,1.00000000,0.00000000,0.00000000,0.00000000,0.00000000,0.00000000,0.00000000,0.00000000,0.00000000
5,0.00009961,0.313045,0.211103,12.1415,0.221169,40,0,0.26002569,65536.0,0.291137,0.183441,12.5369,0.268891,0.188455,12.4547,0.292945,0.08822693,0.83091896,0.21110348,0.18344130,0.70281283,0.67285299,0.04619355,0.04314358,0.00275415,0.00260797,0.09499657,0.08254858,0.21084386,0.20185591,0.00692903,0.00647154,0.00027541,0.00026080,0.31304487,0.0000000000e+00,0.00000000,0.00000000,0.00000000,0.00000000,1.00000000,1.00000000,0.00000000,0.00000000,0.00000000,0.00000000,0.00000000,0.00000000,0.00000000,0.00000000
6,0.00009939,0.297604,0.196575,12.4343,0.248075,40,0,0.31055687,65536.0,0.288678,0.181829,12.6712,0.273275,0.184665,12.6039,0.299864,0.08696988,0.83744688,0.19657520,0.18182936,0.67265603,0.66719782,0.04616849,0.04315593,0.00423507,0.00221853,0.08845884,0.08182321,0.20179682,0.20015935,0.00692527,0.00647339,0.00042351,0.00022185,0.29760443,0.0000000000e+00,0.00000000,0.00000000,0.00000000,0.00000000,1.00000000,1.00000000,0.00000000,0.00000000,0.00000000,0.00000000,0.00000000,0.00000000,0.00000000,0.00000000
7,0.00009912,0.297516,0.194090,12.5467,0.245591,40,0,0.30439896,65536.0,0.285726,0.178486,12.7411,0.279341,0.184321,12.6142,0.303511,0.08701445,0.82373861,0.19408970,0.17848618,0.67618475,0.66250222,0.04549883,0.04250130,0.00495282,0.00281583,0.08734036,0.08031878,0.20285543,0.19875067,0.00682482,0.00637520,0.00049528,0.00028158,0.29751590,0.0000000000e+00,0.00000000,0.00000000,0.00000000,0.00000000,1.00000000,1.00000000,0.00000000,0.00000000,0.00000000,0.00000000,0.00000000,0.00000000,0.00000000,0.00000000
8,0.00009881,0.313442,0.209738,12.1743,0.221741,40,0,0.29849516,65536.0,0.281475,0.175608,12.7458,0.290247,0.181598,12.6458,0.313297,0.08746670,0.82925995,0.20973839,0.17560768,0.70602469,0.65249874,0.04556555,0.04280883,0.00417573,0.00280794,0.09438227,0.07902345,0.21180742,0.19574963,0.00683483,0.00642132,0.00041757,0.00028079,0.31344209,0.0000000000e+00,0.00000000,0.00000000,0.00000000,0.00000000,1.00000000,1.00000000,0.00000000,0.00000000,0.00000000,0.00000000,0.00000000,0.00000000,0.00000000,0.00000000
9,0.00009844,0.295265,0.190197,12.7504,0.246007,40,0,0.32598749,65536.0,0.279538,0.173803,12.7945,0.292194,0.180397,12.6474,0.315566,0.08516839,0.83506783,0.19019720,0.17380320,0.67457041,0.64911724,0.04574448,0.04211261,0.00443420,0.00274593,0.08558874,0.07821144,0.20237113,0.19473518,0.00686167,0.00631689,0.00044342,0.00027459,0.29526496,0.0000000000e+00,0.00000000,0.00000000,0.00000000,0.00000000,1.00000000,1.00000000,0.00000000,0.00000000,0.00000000,0.00000000,0.00000000,0.00000000,0.00000000,0.00000000
10,0.00009803,0.289959,0.186729,12.8944,0.257913,40,0,0.29694715,65536.0,0.276302,0.167635,12.9391,0.297415,0.173710,12.8687,0.317854,0.08774902,0.83332028,0.18672910,0.16763456,0.66348055,0.64716697,0.04375303,0.04311048,0.00323423,0.00249727,0.08402809,0.07543555,0.19904417,0.19415010,0.00656296,0.00646657,0.00032342,0.00024973,0.28995864,0.0000000000e+00,0.00000000,0.00000000,0.00000000,0.00000000,1.00000000,1.00000000,0.00000000,0.00000000,0.00000000,0.00000000,0.00000000,0.00000000,0.00000000,0.00000000
11,0.00009758,0.294052,0.189241,12.7811,0.250877,40,0,0.29506026,65536.0,0.274188,0.167849,12.9362,0.303898,0.175536,12.7905,0.323145,0.08611423,0.83971271,0.18924142,0.16784910,0.67278461,0.64001619,0.04440852,0.04248763,0.00396961,0.00278312,0.08515864,0.07553209,0.20183539,0.19200487,0.00666128,0.00637314,0.00039696,0.00027831,0.29405226,0.0000000000e+00,0.00000000,0.00000000,0.00000000,0.00000000,1.00000000,1.00000000,0.00000000,0.00000000,0.00000000,0.00000000,0.00000000,0.00000000,0.00000000,0.00000000
12,0.00009707,0.281171,0.169502,13.4532,0.262164,40,0,0.30127745,65536.0,0.272786,0.164189,13.1078,0.303724,0.170926,12.9886,0.325642,0.08552393,0.83750823,0.16950243,0.16418891,0.65960793,0.64092545,0.04380932,0.04233801,0.00441188,0.00273059,0.07627609,0.07388501,0.19788239,0.19227764,0.00657140,0.00635070,0.00044119,0.00027306,0.28117106,0.0000000000e+00,0.00000000,0.00000000,0.00000000,0.00000000,1.00000000,1.00000000,0.00000000,0.00000000,0.00000000,0.00000000,0.00000000,0.00000000,0.00000000,0.00000000
13,0.00009652,0.296619,0.188182,12.8766,0.241573,40,0,0.30505892,65536.0,0.268889,0.162068,13.1333,0.316209,0.170062,13.0143,0.330640,0.08763799,0.82337941,0.18818248,0.16206836,0.68328751,0.63077035,0.04395238,0.04282428,0.00357716,0.00303423,0.08468212,0.07293076,0.20498626,0.18923111,0.00659286,0.00642364,0.00035772,0.00030342,0.29661895,0.0000000000e+00,0.00000000,0.00000000,0.00000000,0.00000000,1.00000000,1.00000000,0.00000000,0.00000000,0.00000000,0.00000000,0.00000000,0.00000000,0.00000000,0.00000000
14,0.00009593,0.287931,0.181158,13.2331,0.257667,40,0,0.33758228,65536.0,0.265849,0.161244,13.1369,0.324790,0.170083,12.9754,0.337232,0.08616285,0.83027437,0.18115826,0.16124413,0.66543530,0.62217673,0.04275818,0.04229847,0.00365702,0.00290911,0.08152122,0.07255986,0.19963060,0.18665303,0.00641373,0.00634477,0.00036570,0.00029091,0.28793124,0.0000000000e+00,0.00000000,0.00000000,0.00000000,0.00000000,1.00000000,1.00000000,0.00000000,0.00000000,0.00000000,0.00000000,0.00000000,0.00000000,0.00000000,0.00000000
15,0.00009529,0.283970,0.172867,13.3795,0.256577,40,0,0.35866350,65536.0,0.266685,0.160932,13.1111,0.321883,0.169847,12.9363,0.336316,0.08508664,0.84304217,0.17286680,0.16093189,0.66406707,0.62526040,0.04398291,0.04208748,0.00362697,0.00374846,0.07779006,0.07241935,0.19922013,0.18757812,0.00659744,0.00631312,0.00036270,0.00037485,0.28397033,0.0000000000e+00,0.00000000,0.00000000,0.00000000,0.00000000,1.00000000,1.00000000,0.00000000,0.00000000,0.00000000,0.00000000,0.00000000,0.00000000,0.00000000,0.00000000
16,0.00009460,0.285528,0.176571,13.2144,0.260476,40,0,0.29713835,65536.0,0.262477,0.158878,13.1760,0.332915,0.168035,13.0392,0.339101,0.08660630,0.82911627,0.17657104,0.15887821,0.66400075,0.61428052,0.04307578,0.04246748,0.00409368,0.00327135,0.07945697,0.07149519,0.19920023,0.18428416,0.00646137,0.00637012,0.00040937,0.00032714,0.28552794,0.0000000000e+00,0.00000000,0.00000000,0.00000000,0.00000000,1.00000000,1.00000000,0.00000000,0.00000000,0.00000000,0.00000000,0.00000000,0.00000000,0.00000000,0.00000000
17,0.00009388,0.265452,0.155297,13.8785,0.285074,40,0,0.33546316,65536.0,0.258350,0.155736,13.4013,0.339510,0.164564,13.2586,0.345954,0.08463456,0.82172277,0.15529705,0.15573564,0.62881626,0.60564733,0.04356797,0.04190336,0.00388099,0.00289536,0.06988367,0.07008103,0.18864488,0.18169421,0.00653520,0.00628550,0.00038810,0.00028954,0.26545185,0.0000000000e+00,0.00000000,0.00000000,0.00000000,0.00000000,1.00000000,1.00000000,0.00000000,0.00000000,0.00000000,0.00000000,0.00000000,0.00000000,0.00000000,0.00000000
18,0.00009311,0.275311,0.162710,13.6408,0.268794,40,0,0.37166243,65536.0,0.260733,0.155233,13.3187,0.334275,0.164487,13.1618,0.345096,0.08471553,0.83525279,0.16271004,0.15523252,0.65015412,0.61381023,0.04409523,0.04193751,0.00431041,0.00445140,0.07321952,0.06985463,0.19504624,0.18414308,0.00661428,0.00629063,0.00043104,0.00044514,0.27531109,0.0000000000e+00,0.00000000,0.00000000,0.00000000,0.00000000,1.00000000,1.00000000,0.00000000,0.00000000,0.00000000,0.00000000,0.00000000,0.00000000,0.00000000,0.00000000
19,0.00009229,0.265329,0.157077,13.8204,0.289239,40,0,0.32335093,65536.0,0.253660,0.153228,13.3964,0.348966,0.162393,13.2481,0.355798,0.08358568,0.83222546,0.15707713,0.15322757,0.62601032,0.59360292,0.04281263,0.04158420,0.00418925,0.00388603,0.07068470,0.06895240,0.18780310,0.17808088,0.00642189,0.00623763,0.00041892,0.00038860,0.26532863,0.0000000000e+00,0.00000000,0.00000000,0.00000000,0.00000000,1.00000000,1.00000000,0.00000000,0.00000000,0.00000000,0.00000000,0.00000000,0.00000000,0.00000000,0.00000000
20,0.00009144,0.275025,0.165224,13.5352,0.271311,40,0,0.34227908,65536.0,0.251044,0.150583,13.6260,0.351961,0.159966,13.4698,0.353729,0.08487958,0.81586812,0.16522409,0.15058301,0.64562632,0.58886614,0.04351427,0.04188576,0.00458697,0.00339211,0.07435084,0.06776235,0.19368790,0.17665985,0.00652714,0.00628286,0.00045870,0.00033921,0.27502458,0.0000000000e+00,0.00000000,0.00000000,0.00000000,0.00000000,1.00000000,1.00000000,0.00000000,0.00000000,0.00000000,0.00000000,0.00000000,0.00000000,0.00000000,0.00000000
21,0.00009055,0.274670,0.162759,13.7240,0.272160,40,0,0.39697101,65536.0,0.245987,0.147890,13.7191,0.362050,0.156826,13.6025,0.363457,0.08444986,0.81486943,0.16275906,0.14789035,0.64803068,0.57612371,0.04313110,0.04178055,0.00490412,0.00331717,0.07324157,0.06655066,0.19440921,0.17283712,0.00646966,0.00626708,0.00049041,0.00033172,0.27461086,1.1182183099e+01,0.00005934,0.00000533,0.00000533,0.00000000,1.00000000,1.00000000,0.00000000,0.00000000,0.00000000,0.00000000,0.00000000,0.03139117,0.00000000,1.30394969
22,0.00008961,0.262189,0.159187,13.8290,0.303101,40,0,0.38017369,65536.0,0.247330,0.151451,13.5207,0.365052,0.160642,13.4169,0.365050,0.08209093,0.81969750,0.15918685,0.15145104,0.61079579,0.57539312,0.04294632,0.04113687,0.00486352,0.00388462,0.07163408,0.06815296,0.18323874,0.17261794,0.00644195,0.00617053,0.00048635,0.00038846,0.26180112,1.0654126811e+01,0.00038821,0.00003651,0.00003651,0.00000000,1.00000000,1.00000000,0.00000000,0.00000000,0.00000000,0.00000000,0.00000000,0.06135320,0.00000000,1.07741424
23,0.00008864,0.274409,0.165958,13.5298,0.277124,40,0,0.36731710,65536.0,0.250683,0.154204,13.3335,0.362848,0.164110,13.2013,0.355413,0.08359828,0.81910629,0.16595811,0.15420382,0.63965984,0.58213945,0.04246237,0.04146812,0.00438124,0.00429499,0.07468115,0.06939172,0.19189796,0.17464184,0.00636936,0.00622022,0.00043812,0.00042950,0.27338659,1.0434063339e+01,0.00102236,0.00009829,0.00009829,0.00000000,1.00000000,1.00000000,0.00000000,0.00000000,0.00000000,0.00000000,0.00000000,0.07351883,0.00000000,1.15642686
24,0.00008763,0.254665,0.149597,14.0904,0.316987,40,0,0.38643870,65536.0,0.239098,0.141707,14.0711,0.371644,0.150229,13.9400,0.380659,0.08175716,0.81188937,0.14959703,0.14170712,0.59455760,0.56259266,0.04300590,0.04094269,0.00573459,0.00410595,0.06731866,0.06376820,0.17836729,0.16877780,0.00645089,0.00614140,0.00057346,0.00041059,0.25271029,1.0279664707e+01,0.00195431,0.00019029,0.00019029,0.00000000,1.00000000,1.00000000,0.00000000,0.00000000,0.00000000,0.00000000,0.00000000,0.07559706,0.00000000,0.74583034
25,0.00008658,0.263558,0.150774,14.3392,0.294434,40,0,0.38593435,65536.0,0.236210,0.145355,13.7037,0.384731,0.154660,13.6108,0.382288,0.08209027,0.80961943,0.15077351,0.14535516,0.61959406,0.54727831,0.04189421,0.04105908,0.00382423,0.00458200,0.06784808,0.06540982,0.18587823,0.16418350,0.00628413,0.00615886,0.00038242,0.00045820,0.26039286,1.0142429757e+01,0.00316501,0.00031195,0.00031195,0.00000000,1.00000000,1.00000000,0.00007878,0.00000000,0.00000000,0.00000000,0.00000000,0.07456630,0.00000000,0.85535460
26,0.00008550,0.250304,0.147008,14.2945,0.331910,40,0,0.38259719,65536.0,0.236967,0.144238,13.8550,0.383549,0.153210,13.7627,0.378020,0.08278747,0.80751859,0.14700817,0.14423836,0.57583167,0.55154629,0.04183173,0.04119522,0.00486224,0.00416444,0.06615368,0.06490726,0.17274951,0.16546389,0.00627476,0.00617928,0.00048622,0.00041644,0.24566417,1.0027799344e+01,0.00463937,0.00046251,0.00046251,0.00000000,1.00000000,1.00000000,0.00007080,0.00000000,0.00000000,0.00000000,0.00000000,0.07345076,0.00000000,0.65222875
27,0.00008439,0.266674,0.151087,13.9087,0.296185,40,0,0.36191468,65536.0,0.233561,0.143610,13.8692,0.391771,0.153411,13.7132,0.386320,0.08073404,0.82303321,0.15108680,0.14361033,0.61803466,0.54127381,0.04224187,0.04075443,0.00451261,0.00441117,0.06798906,0.06462465,0.18541041,0.16238215,0.00633628,0.00611316,0.00045126,0.00044112,0.26018701,1.0121784496e+01,0.00648737,0.00064104,0.00064104,0.00000000,1.00000000,1.00000000,0.00009833,0.00000000,0.00000000,0.00000000,0.00000000,0.05847121,0.00000000,0.72426776
28,0.00008323,0.251682,0.141418,14.4320,0.333988,40,0,0.40222684,65536.0,0.231538,0.143458,13.8221,0.395686,0.153011,13.7117,0.384987,0.08156704,0.81192029,0.14141788,0.14345813,0.57612391,0.53474677,0.04131403,0.04080953,0.00588180,0.00436153,0.06363804,0.06455616,0.17283718,0.16042404,0.00619710,0.00612143,0.00058818,0.00043615,0.24326051,9.9555838585e+00,0.00842118,0.00084645,0.00084645,0.00000000,1.00000000,1.00000000,0.00178766,0.00000000,0.00000000,0.00000000,0.00000000,0.05857086,0.00000000,0.53937127
29,0.00008205,0.276130,0.155825,13.9729,0.288622,40,0,0.38716053,65536.0,0.233587,0.142962,13.8455,0.391550,0.152389,13.7313,0.383744,0.08172517,0.81270929,0.15582537,0.14296201,0.62872823,0.54219736,0.04189977,0.04093059,0.00378532,0.00455297,0.07012141,0.06433290,0.18861848,0.16265921,0.00628496,0.00613959,0.00037853,0.00045530,0.26540339,9.9537599802e+00,0.01072678,0.00107746,0.00107746,0.00000000,1.00000000,1.00000000,0.00144927,0.00000000,0.00000000,0.00000000,0.00000000,0.05290810,0.00000000,0.76077421
30,0.00008084,0.259503,0.144807,14.4173,0.327639,40,0,0.42376610,65536.0,0.232101,0.144439,13.7891,0.397712,0.154681,13.6079,0.386292,0.08065610,0.82079503,0.14480682,0.14443897,0.58243630,0.53514254,0.04110025,0.04067279,0.00540628,0.00459950,0.06516307,0.06499754,0.17473090,0.16054277,0.00616504,0.00610092,0.00054063,0.00045995,0.24659963,9.6865958929e+00,0.01290375,0.00133266,0.00133266,0.00000000,1.00000000,1.00000000,0.00349856,0.00000000,0.00000000,0.00000000,0.00000000,0.05112717,0.00000000,0.59041316
31,0.00007960,0.261091,0.145537,14.3293,0.330502,40,0,0.43553369,65536.0,0.222207,0.138795,14.0481,0.414726,0.147936,13.9648,0.404548,0.07868956,0.79788969,0.14553737,0.13879516,0.57790969,0.51055048,0.04177224,0.04020612,0.00484259,0.00553519,0.06549182,0.06245782,0.17337292,0.15316515,0.00626584,0.00603092,0.00048426,0.00055352,0.24561483,9.6139419556e+00,0.01547590,0.00161047,0.00161047,0.00000000,1.00000000,1.00000000,0.00063780,0.00000000,0.00000000,0.00000000,0.00000000,0.04777085,0.00000000,0.57794082
32,0.00007832,0.258752,0.145726,14.2729,0.346972,40,0,0.40452535,65536.0,0.226074,0.138858,14.1186,0.406685,0.148755,13.9751,0.392414,0.08146440,0.79893521,0.14572606,0.13885773,0.56111092,0.52341019,0.04170756,0.04075676,0.00506730,0.00451017,0.06557672,0.06248598,0.16833328,0.15702307,0.00625613,0.00611351,0.00050673,0.00045102,0.24067287,9.4713532686e+00,0.01807913,0.00190918,0.00190918,0.00000000,1.00000000,1.00000000,0.00230114,0.00000000,0.00000000,0.00000000,0.00000000,0.04862458,0.00000000,0.50149750
33,0.00007702,0.266305,0.144904,14.3831,0.331899,40,0,0.39351476,65536.0,0.219137,0.134904,14.2606,0.419063,0.144314,14.1214,0.408062,0.07919920,0.80744632,0.14490402,0.13490415,0.57937579,0.50616065,0.04108286,0.04029157,0.00433334,0.00537990,0.06520681,0.06070686,0.17381274,0.15184820,0.00616243,0.00604374,0.00043333,0.00053799,0.24561531,9.2898586750e+00,0.02068986,0.00222694,0.00222694,0.00000000,1.00000000,1.00000000,0.00207998,0.00000000,0.00000000,0.00000000,0.00000000,0.04632994,0.00000000,0.51700664
34,0.00007570,0.266017,0.139219,14.5687,0.330728,40,0,0.39746518,65536.0,0.217142,0.136702,14.1495,0.427023,0.146453,14.0213,0.410397,0.07852518,0.80121018,0.13921917,0.13670190,0.57811546,0.49687221,0.04095840,0.04027492,0.00460708,0.00523391,0.06264863,0.06151585,0.17343464,0.14906167,0.00614376,0.00604124,0.00046071,0.00052339,0.24268774,9.1104443073e+00,0.02332948,0.00256180,0.00256180,0.00000000,1.00000000,1.00000000,0.00395791,0.00000000,0.00000000,0.00000000,0.00000000,0.04323848,0.00000000,0.54332637
35,0.00007435,0.269681,0.141696,14.4734,0.335002,40,0,0.42591508,65536.0,0.219446,0.139090,13.9614,0.425044,0.148659,13.8586,0.408239,0.07855365,0.80843379,0.14169630,0.13908979,0.57716556,0.50086463,0.04041443,0.04030027,0.00407123,0.00550848,0.06376333,0.06259040,0.17314968,0.15025940,0.00606216,0.00604504,0.00040712,0.00055085,0.24338230,9.0316444397e+00,0.02629886,0.00291170,0.00291170,0.00000000,1.00000000,1.00000000,0.00776562,0.00000000,0.00000000,0.00000000,0.00000000,0.04310346,0.00000000,0.61894173
36,0.00007297,0.265407,0.132983,14.8166,0.343668,40,0,0.38804697,65536.0,0.216622,0.136937,14.1353,0.430684,0.146694,14.0243,0.412264,0.07787648,0.79831064,0.13298264,0.13693655,0.56608670,0.49512937,0.04035790,0.03987352,0.00427692,0.00480450,0.05984219,0.06162145,0.16982602,0.14853882,0.00605368,0.00598103,0.00042769,0.00048045,0.23614958,8.9377141953e+00,0.02925692,0.00327446,0.00327446,0.00000000,1.00000000,1.00000000,0.00332760,0.00000000,0.00000000,0.00000000,0.00000000,0.04375196,0.00000000,0.52963031
37,0.00007158,0.259475,0.131454,14.9116,0.368981,40,0,0.40646022,65536.0,0.214814,0.135075,14.3110,0.431260,0.144541,14.2064,0.412866,0.07849840,0.79088832,0.13145427,0.13507462,0.53819120,0.49173585,0.03966824,0.04014843,0.00554573,0.00487863,0.05915442,0.06078358,0.16145736,0.14752076,0.00595024,0.00602226,0.00055457,0.00048786,0.22711659,8.8719354630e+00,0.03235849,0.00364787,0.00364787,0.00000000,1.00000000,1.00000000,0.00362471,0.00000000,0.00000000,0.00000000,0.00000000,0.04479481,0.00000000,0.47430255
38,0.00007016,0.276825,0.138588,14.5115,0.334348,40,0,0.40780472,65536.0,0.212194,0.133607,14.2923,0.437905,0.142639,14.2164,0.418632,0.07735275,0.79342891,0.13858847,0.13360721,0.57336222,0.48512992,0.04221279,0.03989917,0.00514097,0.00546919,0.06236481,0.06012324,0.17200867,0.14553898,0.00633192,0.00598487,0.00051410,0.00054692,0.24121950,8.8384958744e+00,0.03560521,0.00402961,0.00402961,0.00000000,1.00000000,1.00000000,0.00422744,0.00000000,0.00000000,0.00000000,0.00000000,0.04145808,0.00000000,0.50264254
39,0.00006872,0.265384,0.134469,14.7100,0.371791,40,0,0.41909900,65536.0,0.212115,0.134442,14.2574,0.439842,0.143692,14.1926,0.419451,0.07737803,0.78960724,0.13446914,0.13444240,0.53272554,0.48394630,0.04112614,0.03962455,0.00398963,0.00488422,0.06051111,0.06049908,0.15981767,0.14518390,0.00616892,0.00594368,0.00039896,0.00048842,0.22689666,8.7115865469e+00,0.03848702,0.00441734,0.00441734,0.00000000,1.00000000,1.00000000,0.00501591,0.00000000,0.00000000,0.00000000,0.00000000,0.04347134,0.00000000,0.41180345
40,0.00006727,0.282475,0.139577,14.5171,0.340911,40,0,0.41663299,65536.0,0.217507,0.136053,14.2398,0.428520,0.145988,14.0964,0.404552,0.07898320,0.79239125,0.13957704,0.13605271,0.57177597,0.49942958,0.04078510,0.03999997,0.00535840,0.00454546,0.06280967,0.06122372,0.17153280,0.14982888,0.00611777,0.00600000,0.00053584,0.00045455,0.24099607,8.6282179236e+00,0.04147923,0.00480866,0.00480866,0.00000000,1.00000000,1.00000000,0.00819425,0.00000000,0.00000000,0.00000000,0.00000000,0.03924100,0.00000000,0.53626018
41,0.00006580,0.279684,0.136787,14.7743,0.354790,40,0,0.41516466,65536.0,0.210874,0.131440,14.4099,0.440082,0.140639,14.2855,0.423702,0.07680375,0.79272235,0.13678713,0.13143960,0.55705577,0.48354042,0.03922331,0.03962665,0.00440966,0.00720257,0.06155421,0.05914782,0.16711674,0.14506213,0.00588350,0.00594400,0.00044097,0.00072026,0.23499541,8.5936226845e+00,0.04468892,0.00520115,0.00520115,0.00000000,1.00000000,1.00000000,0.01342091,0.00000000,0.00000000,0.00000000,0.00000000,0.04420005,0.00000000,0.52964005
42,0.00006431,0.277644,0.132288,14.8194,0.361400,40,0,0.44233001,65536.0,0.212406,0.134135,14.3895,0.439266,0.144151,14.2203,0.416073,0.07749879,0.79502550,0.13228841,0.13413512,0.54666320,0.48537810,0.04017092,0.03961179,0.00470322,0.00490361,0.05952978,0.06036080,0.16399897,0.14561344,0.00602564,0.00594177,0.00047032,0.00049036,0.23002471,8.5171021223e+00,0.04761967,0.00559241,0.00559241,0.00000000,1.00000000,1.00000000,0.00725576,0.00000000,0.00000000,0.00000000,0.00000000,0.04179879,0.00000000,0.45860351
43,0.00006281,0.282428,0.132153,14.8627,0.359255,40,0,0.38003862,65536.0,0.208594,0.131881,14.3795,0.447136,0.141689,14.2402,0.425279,0.07670807,0.79409166,0.13215251,0.13188063,0.55263342,0.47590632,0.03965273,0.03949530,0.00371337,0.00551173,0.05946863,0.05934628,0.16579003,0.14277190,0.00594791,0.00592430,0.00037134,0.00055117,0.23157791,8.5042248607e+00,0.05084981,0.00598001,0.00598001,0.00000000,1.00000000,1.00000000,0.02028939,0.00000000,0.00000000,0.00000000,0.00000000,0.04251067,0.00000000,0.52225615
44,0.00006130,0.278646,0.133118,14.9437,0.378513,40,0,0.43920740,65536.0,0.205892,0.129291,14.5994,0.450004,0.138598,14.4880,0.428158,0.07657849,0.78206217,0.13311785,0.12929113,0.52862206,0.47064757,0.03960192,0.03961153,0.00517338,0.00574961,0.05990303,0.05818101,0.15858662,0.14119428,0.00594029,0.00594173,0.00051734,0.00057496,0.22494728,8.4396509886e+00,0.05369829,0.00636158,0.00636158,0.00000000,1.00000000,1.00000000,0.00596063,0.00000000,0.00000000,0.00000000,0.00000000,0.04577729,0.00000000,0.49337500
45,0.00005978,0.274280,0.126459,15.0665,0.386767,40,0,0.41221870,65536.0,0.206840,0.130339,14.4717,0.449820,0.139582,14.3831,0.427115,0.07580692,0.78388317,0.12645942,0.13033902,0.51767474,0.47237404,0.03878039,0.03929015,0.00465898,0.00581876,0.05690674,0.05865256,0.15530243,0.14171222,0.00581706,0.00589352,0.00046590,0.00058188,0.21849212,8.2833035588e+00,0.05578762,0.00673474,0.00673474,0.00000000,1.00000000,1.00000000,0.00474669,0.00000000,0.00000000,0.00000000,0.00000000,0.04435421,0.00000000,0.45996442
46,0.00005824,0.284670,0.132404,14.9981,0.372142,40,0,0.43660890,65536.0,0.205201,0.127124,14.7476,0.450296,0.136831,14.5671,0.431501,0.07600946,0.78921948,0.13240399,0.12712439,0.53249450,0.47160494,0.04048930,0.03933027,0.00486701,0.00613990,0.05958180,0.05720597,0.15974835,0.14148149,0.00607339,0.00589954,0.00048670,0.00061399,0.22589024,8.2830344319e+00,0.05877936,0.00709722,0.00709722,0.00000000,1.00000000,1.00000000,0.01234907,0.00000000,0.00000000,0.00000000,0.00000000,0.04427142,0.00000000,0.43282936
47,0.00005670,0.284901,0.131854,15.0342,0.377904,40,0,0.40515421,65536.0,0.209596,0.132133,14.4252,0.443575,0.141934,14.2986,0.419248,0.07751051,0.78505743,0.13185403,0.13213283,0.52465381,0.47868776,0.04007182,0.03972312,0.00474547,0.00571590,0.05933431,0.05945977,0.15739615,0.14360634,0.00601077,0.00595847,0.00047455,0.00057159,0.22321578,8.2831924558e+00,0.06168514,0.00744676,0.00744676,0.00000000,1.00000000,1.00000000,0.01165275,0.00000000,0.00000000,0.00000000,0.00000000,0.04600120,0.00000000,0.44586843
48,0.00005516,0.283310,0.126495,15.1104,0.384787,40,0,0.43125068,65536.0,0.206597,0.131315,14.4840,0.451929,0.141367,14.3143,0.429727,0.07534321,0.80260402,0.12649512,0.13131481,0.52136989,0.46996286,0.04004937,0.03941729,0.00495403,0.00603695,0.05692280,0.05909166,0.15641097,0.14098886,0.00600741,0.00591259,0.00049540,0.00060370,0.21983658,8.1572961926e+00,0.06347301,0.00778122,0.00778122,0.00000000,1.00000000,1.00000000,0.00289821,0.00000000,0.00000000,0.00000000,0.00000000,0.04396597,0.00000000,0.44147136
49,0.00005361,0.285237,0.124332,15.2925,0.385249,40,0,0.47559879,65536.0,0.200932,0.123614,14.9223,0.456603,0.132691,14.7661,0.440557,0.07604108,0.78122798,0.12433209,0.12361429,0.52347921,0.46279858,0.03954842,0.03928623,0.00518161,0.00572571,0.05594944,0.05562643,0.15704377,0.13883958,0.00593226,0.00589293,0.00051816,0.00057257,0.21944363,8.1243680954e+00,0.06579322,0.00809853,0.00809853,0.00000000,1.00000000,1.00000000,0.00737566,0.00000000,0.00000000,0.00000000,0.00000000,0.04406610,0.00000000,0.42158668
50,0.00005205,0.282773,0.124545,15.2505,0.398971,40,0,0.46612969,131072.0,0.205280,0.129672,14.4477,0.454592,0.139036,14.3420,0.431932,0.07656560,0.79357128,0.12454497,0.12967154,0.50894339,0.46796399,0.03934918,0.03951320,0.00349430,0.00611188,0.05604524,0.05835219,0.15268302,0.14038920,0.00590238,0.00592698,0.00034943,0.00061119,0.21498007,8.0734999657e+00,0.06779245,0.00839673,0.00839673,0.00000000,1.00000000,1.00000000,0.00603568,0.00000000,0.00000000,0.00000000,0.00000000,0.04518432,0.00000000,0.48202963
51,0.00005050,0.296795,0.131519,15.0609,0.373021,40,0,0.43467187,131072.0,0.206636,0.132126,14.3761,0.451649,0.141733,14.2892,0.426845,0.07653913,0.78200178,0.13151942,0.13212575,0.53547934,0.46903878,0.03908673,0.03947361,0.00438712,0.00546289,0.05918374,0.05945658,0.16064381,0.14071164,0.00586301,0.00592104,0.00043871,0.00054629,0.22612927,8.3322901011e+00,0.07066582,0.00848061,0.00867400,0.00000279,1.00000000,1.00000000,0.00999447,0.00000000,0.06687360,0.46916037,0.05630131,0.04409204,0.00000000,0.51520057
52,0.00004895,0.283530,0.122775,15.3994,0.404834,40,0,0.44712631,131072.0,0.204537,0.128657,14.5613,0.454506,0.138033,14.4580,0.430216,0.07701596,0.78558286,0.12277500,0.12865684,0.50287335,0.46699504,0.03876224,0.03954629,0.00434881,0.00610666,0.05524875,0.05789558,0.15086201,0.14009852,0.00581434,0.00593194,0.00043488,0.00061067,0.21235997,8.1481368423e+00,0.07117002,0.00873402,0.00892861,0.00001907,1.00000000,1.00000000,0.01201604,0.00000000,0.05341051,0.47015590,0.04818058,0.04582068,0.00000000,0.48940370
53,0.00004739,0.283578,0.123741,15.2183,0.414774,40,0,0.42216931,131072.0,0.204944,0.129171,14.6088,0.454108,0.138588,14.4986,0.429827,0.07641683,0.78530805,0.12374065,0.12917135,0.49272847,0.46782073,0.03928555,0.03931966,0.00519056,0.00573169,0.05568329,0.05812711,0.14781855,0.14034622,0.00589283,0.00589795,0.00051906,0.00057317,0.20991372,8.2131249189e+00,0.07366455,0.00896920,0.00915900,0.00005130,1.00000000,1.00000000,0.01712831,0.00000000,0.04678019,0.45984805,0.05480678,0.04754818,0.00000000,0.44764718
54,0.00004584,0.297181,0.124138,15.1642,0.373485,40,0,0.42382914,131072.0,0.204802,0.128114,14.8110,0.452172,0.138092,14.6221,0.425919,0.07704595,0.78028190,0.12413788,0.12811357,0.53352467,0.46911512,0.03926824,0.03937043,0.00377096,0.00510496,0.05586204,0.05765111,0.16005741,0.14073454,0.00589024,0.00590556,0.00037710,0.00051050,0.22218678,8.1834478855e+00,0.07499467,0.00916415,0.00936376,0.00009922,1.00000000,1.00000000,0.00879071,0.00000000,0.04925397,0.46815751,0.05879847,0.04445575,0.00000000,0.49169545
55,0.00004430,0.293198,0.127363,15.0578,0.396639,40,0,0.47148697,131072.0,0.201791,0.128151,14.4933,0.462971,0.137743,14.3686,0.440442,0.07526412,0.79757119,0.12736303,0.12815066,0.51215979,0.45808709,0.03982693,0.03943960,0.00442830,0.00781391,0.05731336,0.05766780,0.15364794,0.13742614,0.00597404,0.00591594,0.00044283,0.00078139,0.21737817,8.1142967820e+00,0.07582022,0.00934431,0.00954160,0.00016244,1.00000000,1.00000000,0.01243816,0.00000000,0.04264368,0.46507158,0.05478767,0.04489814,0.00000000,0.46835916
56,0.00004276,0.300274,0.135500,14.7309,0.390724,40,0,0.41805832,131072.0,0.203214,0.128544,14.7185,0.456488,0.138354,14.5674,0.430289,0.07679135,0.78306218,0.13549980,0.12854385,0.51837046,0.46319348,0.04026850,0.03937134,0.00483346,0.00505351,0.06097491,0.05784473,0.15551115,0.13895805,0.00604028,0.00590570,0.00048335,0.00050535,0.22300968,8.1399128318e+00,0.07726418,0.00949249,0.00969145,0.00024046,1.00000000,1.00000000,0.00448976,0.00000000,0.04232334,0.47102212,0.05788183,0.04513320,0.00000000,0.54933843
57,0.00004122,0.302077,0.127729,15.1118,0.373325,40,0,0.44906512,131072.0,0.198229,0.123367,14.9751,0.465282,0.132860,14.8023,0.442036,0.07582852,0.78617128,0.12772931,0.12336748,0.53544366,0.45423879,0.03995294,0.03917771,0.00508771,0.00565701,0.05747819,0.05551536,0.16063310,0.13627165,0.00599294,0.00587666,0.00050877,0.00056570,0.22461300,8.0530016661e+00,0.07746385,0.00961892,0.00981237,0.00033265,1.00000000,1.00000000,0.00648194,0.00000000,0.03539958,0.45901072,0.05143044,0.04457864,0.00000000,0.52877495
58,0.00003970,0.289826,0.121443,15.3019,0.401382,40,0,0.46234049,131072.0,0.201064,0.126594,14.6378,0.462460,0.136340,14.5074,0.437238,0.07549745,0.79472481,0.12144341,0.12659446,0.50317668,0.45858095,0.04031667,0.03927089,0.00506938,0.00631357,0.05464953,0.05696751,0.15095301,0.13757429,0.00604750,0.00589063,0.00050694,0.00063136,0.21215698,7.9930750847e+00,0.07766911,0.00971641,0.00990362,0.00043826,1.00000000,1.00000000,0.01418663,0.00000000,0.03077014,0.44801239,0.05029644,0.04593138,0.00000000,0.44275358
59,0.00003819,0.310759,0.136794,14.7715,0.367163,40,0,0.45781378,131072.0,0.198506,0.124033,14.8789,0.465313,0.133823,14.6855,0.442297,0.07532137,0.79651938,0.13679376,0.12403270,0.54427665,0.45397152,0.04046687,0.03927928,0.00497284,0.00607917,0.06155719,0.05581471,0.16328300,0.13619146,0.00607003,0.00589189,0.00049728,0.00060792,0.23140751,8.1185313463e+00,0.07935192,0.00977500,0.00996464,0.00055645,1.00000000,1.00000000,0.01230380,0.00000000,0.03390816,0.46160668,0.05464564,0.04505997,0.00000000,0.57681628
60,0.00003669,0.295772,0.122741,15.4314,0.387356,40,0,0.43843859,131072.0,0.198790,0.123203,14.9931,0.463499,0.132617,14.8277,0.439161,0.07660231,0.77813745,0.12274078,0.12320307,0.52059610,0.45616615,0.03998662,0.03927703,0.00468132,0.00606928,0.05523335,0.05544138,0.15617884,0.13684985,0.00599799,0.00589156,0.00046813,0.00060693,0.21787831,7.9413427711e+00,0.07789368,0.00980852,0.00999505,0.00068625,1.00000000,1.00000000,0.00896394,0.00000000,0.02879116,0.45550042,0.05128221,0.04742113,0.00000000,0.48077993
61,0.00003520,0.292266,0.124536,15.1697,0.401553,40,0,0.53074565,131072.0,0.201637,0.125553,14.7332,0.458668,0.135491,14.5586,0.433508,0.07606320,0.79421373,0.12453644,0.12555296,0.50612103,0.46212223,0.03897887,0.03923536,0.00503413,0.00616692,0.05604139,0.05649883,0.15183632,0.13863667,0.00584683,0.00588530,0.00050341,0.00061669,0.21422795,7.9493952036e+00,0.07803847,0.00981695,0.01000000,0.00082664,1.00000000,1.00000000,0.00661039,0.00000000,0.02812636,0.45508084,0.05274635,0.04616728,0.00000000,0.46467838
62,0.00003373,0.298372,0.124963,15.2245,0.386001,40,0,0.43666018,131072.0,0.196502,0.122679,14.9685,0.468529,0.131982,14.8208,0.444691,0.07543588,0.78221069,0.12496301,0.12267930,0.52408857,0.44950448,0.03932666,0.03910300,0.00492910,0.00579816,0.05623335,0.05520568,0.15722658,0.13485135,0.00589900,0.00586545,0.00049291,0.00057982,0.21985184,7.9983731747e+00,0.07852018,0.00981702,0.01000000,0.00097647,1.00000000,1.00000000,0.02587611,0.00000000,0.02953988,0.46383882,0.05309900,0.04753948,0.00000000,0.51780889
63,0.00003228,0.289000,0.123793,15.4206,0.408302,40,0,0.45962972,131072.0,0.199057,0.123846,14.9389,0.463705,0.133721,14.7523,0.438404,0.07607257,0.78372882,0.12379302,0.12384626,0.49838610,0.45620989,0.03936719,0.03920874,0.00426765,0.00581919,0.05570686,0.05573082,0.14951583,0.13686297,0.00590508,0.00588131,0.00042677,0.00058192,0.21155454,7.8841606498e+00,0.07744548,0.00982281,0.01000000,0.00113455,1.00000000,1.00000000,0.01287205,0.00000504,0.02535258,0.45724379,0.05128100,0.04750167,0.00000000,0.45871134
64,0.00003084,0.301742,0.124803,15.2984,0.377607,40,0,0.44271598,131072.0,0.196182,0.122892,14.9448,0.470722,0.132733,14.7473,0.446757,0.07528852,0.79011142,0.12480345,0.12289216,0.53934790,0.44798636,0.03856634,0.03916486,0.00349881,0.00609598,0.05616155,0.05530147,0.16180438,0.13439591,0.00578495,0.00587473,0.00034988,0.00060960,0.22410076,7.9068117976e+00,0.07764090,0.00981965,0.01000000,0.00129959,1.00000000,1.00000000,0.01382031,0.00000000,0.02835635,0.47278674,0.05150288,0.04562437,0.00000000,0.59389955
65,0.00002942,0.277190,0.118356,15.5790,0.437139,40,0,0.48855601,131072.0,0.198423,0.123598,14.8938,0.465346,0.133779,14.6792,0.439988,0.07522875,0.78783439,0.11835581,0.12359770,0.46810327,0.45434736,0.03865045,0.03907812,0.00412855,0.00638418,0.05326011,0.05561896,0.14043099,0.13630422,0.00579757,0.00586172,0.00041286,0.00063842,0.19990152,7.8586036563e+00,0.07728885,0.00983484,0.01000000,0.00147027,1.00000000,1.00000000,0.01037448,0.00000887,0.02282102,0.44604068,0.04583516,0.04856181,0.00000000,0.40099697
66,0.00002803,0.298293,0.123854,15.1905,0.386816,40,0,0.44465431,131072.0,0.196400,0.122200,15.0173,0.468576,0.132067,14.8080,0.443889,0.07534724,0.78679810,0.12385433,0.12219974,0.52658059,0.44994456,0.03877322,0.03902971,0.00440134,0.00572703,0.05573445,0.05498988,0.15797418,0.13498337,0.00581598,0.00585446,0.00044013,0.00057270,0.21996475,7.9646527171e+00,0.07832860,0.00983437,0.01000000,0.00164521,1.00000000,1.00000000,0.01813309,0.00000777,0.02568801,0.45584832,0.05584104,0.04723464,0.00000000,0.53547650
67,0.00002665,0.306581,0.130022,14.9831,0.370250,40,0,0.42633088,131072.0,0.194116,0.121023,15.0828,0.473429,0.130810,14.8780,0.449004,0.07491194,0.78345922,0.13002205,0.12102332,0.54444226,0.44415443,0.03972135,0.03889427,0.00513330,0.00574684,0.05850992,0.05446049,0.16333269,0.13324634,0.00595820,0.00583414,0.00051333,0.00057468,0.22831414,7.9589957714e+00,0.07826674,0.00983390,0.01000000,0.00182302,1.00000000,1.00000000,0.01483247,0.00007350,0.02612948,0.46859245,0.05554147,0.04476897,0.00000000,0.58310161
68,0.00002530,0.292727,0.124136,15.2737,0.397532,40,0,0.54700091,131072.0,0.193443,0.120832,15.1621,0.474670,0.130840,14.9163,0.449956,0.07462717,0.78867870,0.12413588,0.12083194,0.51091797,0.44225498,0.03983138,0.03899351,0.00492853,0.00542717,0.05586114,0.05437437,0.15327539,0.13267650,0.00597471,0.00584903,0.00049285,0.00054272,0.21560410,7.8389221668e+00,0.07712301,0.00983850,0.01000000,0.00200224,1.00000000,1.00000000,0.00970561,0.00003644,0.02444651,0.46174578,0.05125844,0.04706212,0.00000000,0.47669327
69,0.00002398,0.295478,0.124650,15.2004,0.393946,40,0,0.41833176,131072.0,0.193850,0.121022,15.0543,0.474976,0.130891,14.8346,0.451821,0.07423252,0.79065285,0.12464980,0.12102235,0.51903015,0.44315154,0.03887957,0.03889242,0.00458199,0.00610588,0.05609241,0.05446006,0.15570905,0.13294547,0.00583194,0.00583386,0.00045820,0.00061059,0.21809159,7.8644621611e+00,0.07738654,0.00984008,0.01000000,0.00218145,1.00000000,1.00000000,0.00930357,0.00011159,0.02549674,0.46741073,0.05371927,0.04798516,0.00000000,0.55961777
70,0.00002268,0.284309,0.122061,15.4615,0.416412,40,0,0.45810786,131072.0,0.194478,0.121515,15.0821,0.473338,0.130990,14.8984,0.448811,0.07506527,0.78049084,0.12206131,0.12151548,0.48944615,0.44456688,0.03905428,0.03904454,0.00375016,0.00569412,0.05492759,0.05468196,0.14683385,0.13337007,0.00585814,0.00585668,0.00037502,0.00056941,0.20799459,7.7520146966e+00,0.07631416,0.00984449,0.01000000,0.00235920,1.00000000,1.00000000,0.01728302,0.00006468,0.02426565,0.46076679,0.05039988,0.04950174,0.00000000,0.48343318
71,0.00002140,0.275072,0.123488,15.3202,0.449136,40,0,0.42648152,131072.0,0.193604,0.120480,15.1130,0.474189,0.130036,14.9295,0.450364,0.07540069,0.77972261,0.12348827,0.12048045,0.45284869,0.44300635,0.04024998,0.03915098,0.00509965,0.00613734,0.05556972,0.05421620,0.13585461,0.13290191,0.00603750,0.00587265,0.00050996,0.00061373,0.19797180,7.8240768075e+00,0.07709997,0.00985434,0.01000000,0.00253406,1.00000000,1.00000000,0.01247766,0.00011586,0.02404272,0.44388570,0.05192097,0.04971513,0.00000000,0.33317555
72,0.00002016,0.288639,0.125836,15.1844,0.413134,40,0,0.46703116,131072.0,0.194478,0.121691,15.1074,0.472831,0.131412,14.9000,0.447994,0.07502722,0.77918492,0.12583615,0.12169105,0.49169693,0.44438539,0.03981453,0.03897075,0.00527949,0.00556021,0.05662626,0.05476097,0.14750909,0.13331562,0.00597218,0.00584561,0.00052795,0.00055602,0.21063548,7.9120095372e+00,0.07800304,0.00985869,0.01000000,0.00270461,1.00000000,1.00000000,0.01184155,0.00012649,0.02518833,0.44149977,0.05580718,0.04936636,0.00000000,0.39540505
73,0.00001895,0.299047,0.128477,15.0982,0.385820,40,0,0.44195607,131072.0,0.194430,0.121398,14.9927,0.473418,0.131043,14.8061,0.448794,0.07526718,0.78455869,0.12847716,0.12139833,0.52410381,0.44429256,0.03950345,0.03915754,0.00463412,0.00639726,0.05781472,0.05462925,0.15723115,0.13328777,0.00592552,0.00587363,0.00046341,0.00063973,0.22143480,7.8771156669e+00,0.07761225,0.00985317,0.01000000,0.00286950,1.00000000,1.00000000,0.02379665,0.00023995,0.02805423,0.46630210,0.05749794,0.04646640,0.00000000,0.53602746
74,0.00001777,0.279204,0.120140,15.5800,0.431060,40,0,0.47197584,131072.0,0.191813,0.119404,15.1293,0.477530,0.128878,14.9414,0.453133,0.07478101,0.78222832,0.12014013,0.11940383,0.47542491,0.43873420,0.03903871,0.03906401,0.00457074,0.00601184,0.05406306,0.05373172,0.14262748,0.13162027,0.00585581,0.00585960,0.00045707,0.00060118,0.20300342,7.7283982992e+00,0.07620031,0.00985987,0.01000000,0.00302738,1.00000000,1.00000000,0.01189817,0.00015720,0.02220275,0.45602370,0.05262545,0.04796643,0.00000000,0.43713371
75,0.00001661,0.287122,0.123425,15.3897,0.410361,40,0,0.45405169,131072.0,0.191944,0.119030,15.2220,0.477512,0.128667,14.9957,0.453619,0.07472465,0.78134174,0.12342476,0.11903017,0.49480437,0.43991483,0.03922557,0.03889795,0.00389170,0.00571101,0.05554114,0.05356357,0.14844132,0.13197445,0.00588384,0.00583469,0.00038917,0.00057110,0.21025546,7.7926580310e+00,0.07686695,0.00986396,0.01000000,0.00317699,1.00000000,1.00000000,0.01013732,0.00014782,0.02510812,0.44979009,0.05260586,0.04700285,0.00000000,0.46033383
76,0.00001550,0.284363,0.120948,15.3576,0.417502,40,0,0.45751299,131072.0,0.192896,0.120834,15.0177,0.477563,0.130765,14.8016,0.453181,0.07421987,0.78502432,0.12094845,0.12083379,0.48932405,0.44010653,0.03819860,0.03888174,0.00430387,0.00656198,0.05442680,0.05437520,0.14679722,0.13203196,0.00572979,0.00583226,0.00043039,0.00065620,0.20738420,7.8008607745e+00,0.07697890,0.00986788,0.01000000,0.00331712,1.00000000,1.00000000,0.01151650,0.00013196,0.02384722,0.44904103,0.05092399,0.04665672,0.00000000,0.43657522
77,0.00001442,0.283375,0.122304,15.4954,0.423790,40,0,0.44962693,131072.0,0.192082,0.119933,15.1078,0.478589,0.129849,14.8782,0.454082,0.07443889,0.78490826,0.12230363,0.11993311,0.48425479,0.43885712,0.03922422,0.03893552,0.00416176,0.00614508,0.05503663,0.05396990,0.14527644,0.13165714,0.00588363,0.00584033,0.00041618,0.00061451,0.20661289,7.7770281672e+00,0.07676175,0.00987038,0.01000000,0.00344665,1.00000000,1.00000000,0.01590704,0.00019842,0.02452219,0.44691879,0.05153443,0.04824457,0.00000000,0.47735926
78,0.00001337,0.294101,0.122468,15.3271,0.390039,40,0,0.46477350,131072.0,0.192060,0.119880,15.1522,0.478593,0.129856,14.9125,0.453915,0.07414655,0.78503968,0.12246830,0.11988040,0.51963654,0.43906882,0.03863844,0.03878609,0.00397126,0.00575272,0.05511073,0.05394618,0.15589097,0.13172065,0.00579577,0.00581791,0.00039713,0.00057527,0.21719460,7.7928744674e+00,0.07690593,0.00986912,0.01000000,0.00356454,1.00000000,1.00000000,0.01168109,0.00019431,0.02559286,0.46071982,0.05334447,0.04538092,0.00000000,0.54111792
79,0.00001236,0.285132,0.118422,15.5611,0.412869,40,0,0.49347781,131072.0,0.192239,0.120386,15.1539,0.478741,0.130182,14.9309,0.453987,0.07406104,0.78178519,0.11842156,0.12038561,0.49750903,0.43896472,0.03817790,0.03876497,0.00443612,0.00561119,0.05328970,0.05417352,0.14925271,0.13168942,0.00572668,0.00581475,0.00044361,0.00056112,0.20871271,7.7418676138e+00,0.07641913,0.00987102,0.01000000,0.00366982,1.00000000,1.00000000,0.01145254,0.00022910,0.02511067,0.45952986,0.04988134,0.04650395,0.00000000,0.51290568
80,0.00001139,0.288377,0.123994,15.2369,0.406481,40,0,0.44308205,131072.0,0.192946,0.120546,15.0129,0.476940,0.130134,14.8333,0.452194,0.07457280,0.77901627,0.12399393,0.12054583,0.49893222,0.44076916,0.03928003,0.03886769,0.00371848,0.00639035,0.05579727,0.05424562,0.14967967,0.13223075,0.00589200,0.00583015,0.00037185,0.00063903,0.21174079,7.7597457886e+00,0.07663598,0.00987607,0.01000000,0.00376166,1.00000000,1.00000000,0.01221018,0.00041939,0.02219830,0.45148965,0.05336658,0.04906311,0.00000000,0.45805583
81,0.00001045,0.277133,0.118030,15.5413,0.428745,40,0,0.48378683,131072.0,0.191584,0.118971,15.2119,0.478308,0.128942,14.9614,0.453361,0.07446948,0.78260692,0.11803049,0.11897147,0.47311967,0.43895198,0.03919737,0.03874019,0.00456415,0.00550055,0.05311372,0.05353716,0.14193591,0.13168560,0.00587961,0.00581103,0.00045641,0.00055006,0.20138565,7.6685419083e+00,0.07574690,0.00987744,0.01000000,0.00383932,1.00000000,1.00000000,0.02106584,0.00036563,0.02327080,0.44393746,0.05205399,0.04736469,0.00000000,0.39114548
82,0.00000956,0.287897,0.124509,15.1773,0.414294,40,0,0.44467041,131072.0,0.190795,0.119001,15.1489,0.481025,0.128880,14.9154,0.456461,0.07400033,0.78329661,0.12450946,0.11900053,0.49592750,0.43616299,0.03938867,0.03874273,0.00494948,0.00584630,0.05602926,0.05355023,0.14877826,0.13084890,0.00590830,0.00581141,0.00049495,0.00058463,0.21121076,7.7646776795e+00,0.07668626,0.00987631,0.01000000,0.00390217,1.00000000,1.00000000,0.01438980,0.00021309,0.02455064,0.45760917,0.05514850,0.04650734,0.00000000,0.43152433
83,0.00000871,0.281458,0.123094,15.4404,0.428049,40,0,0.48908595,131072.0,0.189962,0.118008,15.2239,0.481814,0.127771,14.9974,0.457362,0.07417995,0.77948676,0.12309429,0.11800815,0.48050951,0.43489031,0.03873906,0.03873423,0.00422159,0.00581128,0.05539243,0.05310367,0.14415286,0.13046710,0.00581086,0.00581013,0.00042216,0.00058113,0.20577830,7.6606846452e+00,0.07568002,0.00987914,0.01000000,0.00394970,1.00000000,1.00000000,0.01107375,0.00047854,0.02382739,0.44752986,0.04630488,0.04783199,0.00000000,0.48700211
84,0.00000789,0.278243,0.120317,15.4226,0.436184,40,0,0.47865371,131072.0,0.189837,0.117928,15.2351,0.481664,0.127960,14.9820,0.457241,0.07424349,0.78068239,0.12031725,0.11792822,0.47114855,0.43446443,0.03837068,0.03877376,0.00441721,0.00614263,0.05414276,0.05306770,0.14134457,0.13033933,0.00575560,0.00581606,0.00044172,0.00061426,0.20168466,7.7480104327e+00,0.07655883,0.00988100,0.01000000,0.00398153,1.00000000,1.00000000,0.01493278,0.00035287,0.02187322,0.44859210,0.05365487,0.04668349,0.00000000,0.39889413
85,0.00000712,0.284748,0.121713,15.3808,0.418846,40,0,0.44889175,131072.0,0.188501,0.116830,15.3116,0.484212,0.127014,15.0257,0.460236,0.07370390,0.78570414,0.12171257,0.11682985,0.48998091,0.43189125,0.03908464,0.03862306,0.00431877,0.00567157,0.05477066,0.05257343,0.14699428,0.12956738,0.00586270,0.00579346,0.00043188,0.00056716,0.20805951,7.7613874316e+00,0.07668870,0.00988074,0.01000000,0.00399742,1.00000000,1.00000000,0.01885026,0.00064772,0.02330557,0.44994938,0.05161637,0.04699799,0.00000000,0.43617750
86,0.00000640,0.289768,0.124999,15.4132,0.408061,40,0,0.45189759,131072.0,0.189546,0.117961,15.2452,0.483008,0.128115,14.9776,0.458534,0.07375613,0.78326525,0.12499925,0.11796054,0.50422641,0.43364979,0.03901261,0.03862215,0.00390605,0.00575474,0.05624966,0.05308224,0.15126793,0.13009494,0.00585189,0.00579332,0.00039061,0.00057547,0.21376009,7.6933208346e+00,0.07600814,0.00987968,0.01000000,0.00400000,1.00000000,1.00000000,0.01570103,0.00021619,0.02597489,0.44699775,0.04494200,0.04764026,0.00000000,0.56244413
87,0.00000571,0.278148,0.119822,15.4311,0.434554,40,0,0.50631837,131072.0,0.189549,0.118105,15.2260,0.482920,0.128027,14.9849,0.458430,0.07413007,0.77903138,0.11982189,0.11810468,0.47213166,0.43331798,0.03882423,0.03874027,0.00486887,0.00595392,0.05391985,0.05314711,0.14163950,0.12999540,0.00582363,0.00581104,0.00048689,0.00059539,0.20186987,7.7211713791e+00,0.07627770,0.00987891,0.01000000,0.00400000,1.00000000,1.00000000,0.01301800,0.00031591,0.02559960,0.44873894,0.05687688,0.04799941,0.00000000,0.43038321
88,0.00000507,0.278079,0.119752,15.6018,0.431043,40,0,0.45612410,131072.0,0.189533,0.118008,15.2247,0.482608,0.127879,14.9865,0.458013,0.07426544,0.78012989,0.11975225,0.11800779,0.47125006,0.43336951,0.03953691,0.03880918,0.00403488,0.00597094,0.05388851,0.05310350,0.14137503,0.13001086,0.00593054,0.00582138,0.00040349,0.00059709,0.20159756,7.7411452174e+00,0.07648118,0.00987971,0.01000000,0.00400000,1.00000000,1.00000000,0.01444541,0.00022957,0.02485297,0.45034806,0.05028437,0.04733920,0.00000000,0.41324211
89,0.00000448,0.278511,0.118721,15.5668,0.431603,40,0,0.47627775,131072.0,0.188565,0.117223,15.2881,0.484722,0.127167,15.0312,0.460244,0.07391900,0.78245329,0.11872138,0.11722252,0.47575501,0.43149018,0.03843170,0.03869034,0.00419742,0.00563979,0.05342462,0.05275013,0.14272651,0.12944706,0.00576475,0.00580355,0.00041974,0.00056398,0.20233563,7.7107137322e+00,0.07617522,0.00987916,0.01000000,0.00400000,1.00000000,1.00000000,0.01419537,0.00010495,0.02353821,0.45406243,0.04978286,0.04713205,0.00000000,0.44073954
90,0.00000393,0.289395,0.123294,15.3514,0.407583,40,0,0.48217512,131072.0,0.188627,0.117238,15.2830,0.484467,0.127050,15.0372,0.460307,0.07394166,0.78135715,0.12329441,0.11723812,0.50379743,0.43162476,0.03939503,0.03871527,0.00422615,0.00575361,0.05548248,0.05275715,0.15113924,0.12948743,0.00590925,0.00580729,0.00042261,0.00057536,0.21295359,7.7367969394e+00,0.07644146,0.00988037,0.01000000,0.00400000,1.00000000,1.00000000,0.01312795,0.00042062,0.02418598,0.44906534,0.05186395,0.04613574,0.00000000,0.51772429
91,0.00000342,0.287451,0.124584,15.2995,0.413618,40,0,0.51953015,131072.0,0.188765,0.117450,15.2616,0.484676,0.127239,15.0202,0.460749,0.07398531,0.78113081,0.12458416,0.11744996,0.49574248,0.43166412,0.03953323,0.03874574,0.00404364,0.00601050,0.05606287,0.05285248,0.14872275,0.12949924,0.00592998,0.00581186,0.00040436,0.00060105,0.21111997,7.7265218139e+00,0.07633142,0.00987938,0.01000000,0.00400000,1.00000000,1.00000000,0.00751639,0.00014524,0.02493362,0.45103367,0.05363160,0.04599145,0.00000000,0.46196758
92,0.00000297,0.279830,0.118029,15.5998,0.424241,40,0,0.52052549,131072.0,0.188699,0.117179,15.2864,0.484341,0.127000,15.0390,0.460206,0.07402793,0.77998576,0.11802881,0.11717873,0.48187912,0.43194304,0.03808516,0.03871415,0.00342874,0.00578744,0.05311296,0.05273043,0.14456374,0.12958291,0.00571277,0.00580712,0.00034287,0.00057874,0.20373235,7.7028728724e+00,0.07609724,0.00987916,0.01000000,0.00400000,1.00000000,1.00000000,0.01237655,0.00043637,0.02690463,0.44721274,0.04941587,0.04550598,0.00000000,0.45169581
93,0.00000256,0.281868,0.124566,15.2076,0.428225,40,0,0.49485518,131072.0,0.188921,0.117305,15.2838,0.483632,0.127179,15.0348,0.459311,0.07415319,0.77842563,0.12456555,0.11730549,0.47876480,0.43247636,0.03963218,0.03871893,0.00474826,0.00582846,0.05605450,0.05278747,0.14362944,0.12974292,0.00594483,0.00580784,0.00047483,0.00058285,0.20610359,7.6683445811e+00,0.07576410,0.00988023,0.01000000,0.00400000,1.00000000,1.00000000,0.01760035,0.00023966,0.02398437,0.44538444,0.05218573,0.04630142,0.00000000,0.41582392
94,0.00000219,0.280921,0.117744,15.6537,0.421069,40,0,0.41860409,131072.0,0.188819,0.117165,15.3067,0.483669,0.127080,15.0500,0.459281,0.07405108,0.77916092,0.11774422,0.11716535,0.48676770,0.43244436,0.03825283,0.03867019,0.00343000,0.00560519,0.05298490,0.05272440,0.14603031,0.12973331,0.00573792,0.00580053,0.00034300,0.00056052,0.20509614,7.6765438557e+00,0.07582517,0.00987756,0.01000000,0.00400000,1.00000000,1.00000000,0.01752350,0.00062964,0.02527410,0.45404180,0.05333906,0.04738425,0.00000000,0.51812235
95,0.00000188,0.296717,0.129164,14.9775,0.390389,40,0,0.43403846,131072.0,0.188664,0.116943,15.3187,0.483799,0.126858,15.0595,0.459444,0.07406497,0.77949169,0.12916361,0.11694337,0.51717738,0.43227733,0.04022246,0.03867063,0.00512961,0.00556158,0.05812362,0.05262451,0.15515322,0.12968320,0.00603337,0.00580060,0.00051296,0.00055616,0.21982318,7.7831792355e+00,0.07689351,0.00987963,0.01000000,0.00400000,1.00000000,1.00000000,0.01225472,0.00024363,0.02578792,0.45067036,0.05705820,0.04573050,0.00000000,0.44257316
96,0.00000161,0.282632,0.122494,15.5159,0.424883,40,0,0.47294269,131072.0,0.188509,0.116769,15.3323,0.484079,0.126694,15.0699,0.459806,0.07405307,0.77944053,0.12249380,0.11676895,0.48489999,0.43203072,0.03834692,0.03865586,0.00496814,0.00555097,0.05512221,0.05254603,0.14547000,0.12960922,0.00575204,0.00579838,0.00049681,0.00055510,0.20684106,7.6721325517e+00,0.07579119,0.00987901,0.01000000,0.00400000,1.00000000,1.00000000,0.02076703,0.00035692,0.02562900,0.44798462,0.05249202,0.04761438,0.00000000,0.48114475
97,0.00000139,0.267258,0.119012,15.6208,0.463295,40,0,0.49004602,131072.0,0.188436,0.116822,15.3249,0.484560,0.126779,15.0602,0.460412,0.07394289,0.78077928,0.11901203,0.11682185,0.43817161,0.43169881,0.03935798,0.03864343,0.00416980,0.00559776,0.05355541,0.05256983,0.13145149,0.12950965,0.00590370,0.00579651,0.00041698,0.00055978,0.19132757,7.6819709420e+00,0.07593074,0.00988425,0.01000000,0.00400000,1.00000000,1.00000000,0.00965438,0.00017829,0.02260508,0.43303238,0.04689321,0.04772522,0.00000000,0.33489043
98,0.00000122,0.276704,0.118081,15.6405,0.436648,40,0,0.52414253,131072.0,0.188304,0.116812,15.3188,0.485051,0.126771,15.0549,0.461000,0.07389348,0.78110990,0.11808139,0.11681178,0.47092588,0.43125380,0.03896603,0.03864720,0.00500852,0.00565208,0.05313662,0.05256530,0.14127777,0.12937615,0.00584490,0.00579708,0.00050085,0.00056521,0.20076015,7.6858181834e+00,0.07594399,0.00988128,0.01000000,0.00400000,1.00000000,1.00000000,0.01314132,0.00032465,0.02374585,0.44446044,0.04779873,0.04598173,0.00000000,0.46071243
99,0.00000110,0.292767,0.126231,15.1960,0.401436,40,0,0.50393935,131072.0,0.188283,0.116758,15.3292,0.485027,0.126726,15.0632,0.460996,0.07387075,0.78112186,0.12623118,0.11675763,0.50971042,0.43129804,0.03866442,0.03863153,0.00404272,0.00558343,0.05680403,0.05254093,0.15291313,0.12938942,0.00579966,0.00579473,0.00040427,0.00055834,0.21592110,7.7811855197e+00,0.07684625,0.00987588,0.01000000,0.00400000,1.00000000,1.00000000,0.01989861,0.00023277,0.02771875,0.46190631,0.05731326,0.04450596,0.00000000,0.51831558
100,0.00000102,0.271845,0.121723,15.5650,0.453809,40,0,0.47404757,262144.0,0.188354,0.116865,15.3217,0.484922,0.126833,15.0580,0.460815,0.07388194,0.78073344,0.12172256,0.11686491,0.44832103,0.43136740,0.03874128,0.03863634,0.00414206,0.00559248,0.05477515,0.05258921,0.13449632,0.12941023,0.00581119,0.00579545,0.00041421,0.00055925,0.19549687,7.7270077586e+00,0.07634821,0.00988069,0.01000000,0.00400000,1.00000000,1.00000000,0.00933115,0.00031220,0.02400153,0.44730473,0.05052317,0.04737810,0.00000000,0.39160056
